e2_idxs	e1_label	probability	e2_label	sent_id	words	e1_idxs	doc_id	ext_id	is_correct	Wrong gene	multiple gene issue	wrong phenotype	split phenotype	no_phenotype_in_sentence	note	multisence_needed
[8, 9]	GeneName	0.4993194424832523	PhenoName	136	["Indeed", ",", "_", "fry1", "_", "late", "flowering", ",", "short", "petioles", "and", "hypocotyl", "hypersensitivity", "to", "red", "light", "phenotypes", "are", "largely", "mimicked", "by", "the", "_", "xrn2", "xrn3", "_", "double", "mutant", "."]	[5, 6]	10.1371.journal.pone.0016724	128	false	true	\N	\N	\N	\N	\N	\N
[33, 34]	GeneName	0.7294195094559193	PhenoName	151	["Triple", "mutant", "_", "hua27", "hulk1", "hulk3", "_", "plants", "were", "reduced", "in", "size", "with", "small", "leaves", "and", "only", "a", "few", "branches", "(", "Figureb", ")", ";", "additionally", ",", "these", "plants", "were", "entirely", "sterile", "due", "to", "pollen", "inviability", "(", "green/blue", "coloration", "as", "observed", "with", "the", "Alexander", "stain", ",", "see", "Figuree", ")", ",", "and", "triple", "mutant", "plants", "had", "to", "be", "derived", "from", "heterozygotes", "at", "the", "_", "HUA2", "_", "locus", "(", "i.e.", "_", "hua27", "_", "/", "_", "+", "hulk1", "hulk3", "_", "plants", ")", "."]	[4]	10.1111.tpj.12629	241	false	\N	true	\N	\N	\N	\N	\N
[13]	GeneName	0.2678731957879281	PhenoName	208	["The", "_", "myb97", "myb101", "myb120", "_", "triple", "mutants", "exhibited", "the", "typical", "pollen", "tube", "overgrowth", "phenotype", ",", "almost", "identical", "to", "those", "of", "_", "fer", "_", ",", "_", "lre", "_", "and", "_", "nta", "_", "mutants", "."]	[26]	10.1371.journal.pgen.1003933	624	false	\N	\N	true	\N	\N	\N	\N
[20]	GeneName	0.5004309150009618	PhenoName	208	["While", "we", "showed", "increased", "quercetin", "levels", "in", "_", "prn1", "_", "mutant", "shoots", ",", "in", "the", "overexpressor", "transformed", "seed", "lines", "(", "WT", "transformed", "with", "_", "35S", "_", ":", ":", "PRN1-GFP", ")", ",", "it", "would", "be", "expected", "that", "quercetins", "and", "perhaps", "flavonoids", "in", "general", "would", "be", "reduced", "from", "more", "PRN1", "being", "present", "and", "potentially", "active", "as", "a", "quercetinase", "."]	[8]	10.1371.journal.pone.0093371	1102	false	\N	\N	true	\N	\N	\N	\N
[1]	GeneName	0.26850365885107713	PhenoName	187	["Disturbing", "mitochondrial", "complex", "I", "impairs", "energy", "generation", "and", "leads", "to", "the", "extreme", "retardation", "of", "diverse", "aspects", "of", "growth", "and", "development", "in", "_", "mterf15", "_", "plants", "."]	[22]	10.1371.journal.pone.0112360	799	false	\N	\N	true	\N	\N	\N	\N
[14, 15]	GeneName	0.1190920080526685	PhenoName	84	["The", "_", "eve1-D", "/", "+", "_", "plants", "exhibited", "a", "loss", "of", "apical", "dominance", ",", "late", "flowering", ",", "and", "a", "dwarf", "phenotype", "(", ",", "at", "_", "JXB", "_", "online", ")", "."]	[14, 15]	10.1093.jxb.err168	1784	false	\N	\N	\N	\N	\N	\N	\N
[25]	GeneName	0.2684544939959126	PhenoName	353	["However", ",", "the", "finding", "that", "greatly", "reduced", "Rubisco", "within", "the", "_", "raf_1", "mutant", "leaves", "had", "no", "observable", "effect", "on", "any", "other", "plastid-encoded", "proteins", "represents", "a", "clear", "difference", "from", "the", "effects", "observed", "in", "lower", "regions", "of", "the", "_", "rlsb", "_", "-1", "/", "_", "rlsb", "_", "-2", "leaves", "."]	[37]	10.1186.1471-2229-13-138	949	false	\N	\N	true	\N	\N	\N	\N
[8]	GeneName	0.5016569307504244	PhenoName	202	["All", "reported", "_", "irx8", "_", "mutant", "alleles", "are", "dwarf", "and", "show", "a", "collapsed", "xylem", "phenotype", "(", "Pea", "et", "al.", ",", ";", "Persson", "et", "al.", ",", "."]	[3]	10.3389.fpls.2014.00357	999	true	\N	\N	\N	\N	\N	\N	\N
[37]	GeneName	0.49985897580726946	PhenoName	364	["Affected", "genes", "in", "the", "_", "rlsb", "_", "-1", "/", "_", "rlsb", "_", "-2", "mutants", "include", "redox", "and", "sink-responsive", "light-reaction", "genes", "in", "BS", "and", "M", "cells", ",", "the", "nuclear-encoded", "plastid-targeted", "decarboxylating", "NADP-ME", "in", "BS", "cells", ",", "and", "the", "mitochondrial", "NAD-ME", "."]	[10]	10.1186.1471-2229-13-138	952	false	\N	\N	\N	\N	\N	\N	\N
[222]	GeneName	0.26432566031651117	PhenoName	211	["The", "calculated", "percentage", "of", "DNA", "damage", "remaining", "for", "each", "given", "repair", "time", "tx", "is", "defined", "as", ":", "\\", "documentclass", "-LSB-", "12pt", "-RSB-", "-LCB-", "minimal", "-RCB-", "\\", "usepackage", "-LCB-", "amsmath", "-RCB-", "\\", "usepackage", "-LCB-", "wasysym", "-RCB-", "\\", "usepackage", "-LCB-", "amsfonts", "-RCB-", "\\", "usepackage", "-LCB-", "amssymb", "-RCB-", "\\", "usepackage", "-LCB-", "amsbsy", "-RCB-", "\\", "usepackage", "-LCB-", "mathrsfs", "-RCB-", "\\", "usepackage", "-LCB-", "upgreek", "-RCB-", "\\", "setlength", "-LCB-", "\\", "oddsidemargin", "-RCB-", "-LCB-", "-69", "pt", "-RCB-", "\\", "begin", "-LCB-", "document", "-RCB-", "$", "$", "\\", "mathrm", "-LCB-", "K", "-RCB-", "\\", "left", "(", "\\", "mathrm", "-LCB-", "t", "-RCB-", "\\", "right", ")", "=\\", "%", "\\", "\\", "mathrm", "-LCB-", "damage", "-RCB-", "\\", "\\", "mathrm", "-LCB-", "remaining", "-RCB-", "\\", "left", "(", "\\", "mathrm", "-LCB-", "t", "-RCB-", "\\", "mathrm", "-LCB-", "x", "-RCB-", "\\", "right", ")", "\\", "frac", "-LCB-", "\\", "mathrm", "-LCB-", "mean", "-RCB-", "\\", "\\", "%", "\\", "mathrm", "-LCB-", "tail", "-RCB-", "\\", "hbox", "-LCB-", "-", "-RCB-", "\\", "mathrm", "-LCB-", "D", "-RCB-", "\\", "mathrm", "-LCB-", "N", "-RCB-", "\\", "mathrm", "-LCB-", "A", "-RCB-", "\\", "left", "(", "\\", "mathrm", "-LCB-", "t", "-RCB-", "\\", "mathrm", "-LCB-", "x", "-RCB-", "\\", "right", ")", "\\", "hbox", "-LCB-", "-", "-RCB-", "\\", "mathrm", "-LCB-", "mean", "-RCB-", "\\", "\\", "%", "\\", "mathrm", "-LCB-", "tail", "-RCB-", "\\", "hbox", "-LCB-", "-", "-RCB-", "\\", "mathrm", "-LCB-", "D", "-RCB-", "\\", "mathrm", "-LCB-", "N", "-RCB-", "\\", "mathrm", "-LCB-", "A", "-RCB-", "\\", "left", "(", "\\", "mathrm", "-LCB-", "control", "-RCB-", "\\", "right", ")", "-RCB-", "-LCB-", "\\", "mathrm", "-LCB-", "mean", "-RCB-", "\\", "\\", "%", "\\", "mathrm", "-LCB-", "tail", "-RCB-", "\\", "hbox", "-LCB-", "-", "-RCB-", "\\", "mathrm", "-LCB-", "D", "-RCB-", "\\", "mathrm", "-LCB-", "N", "-RCB-", "\\", "mathrm", "-LCB-", "A", "-RCB-", "\\", "left", "(", "\\", "mathrm", "-LCB-", "t", "-RCB-", "0", "\\", "right", ")", "\\", "hbox", "-LCB-", "-", "-RCB-", "\\", "mathrm", "-LCB-", "mean", "-RCB-", "\\", "\\", "%", "\\", "mathrm", "-LCB-", "tail", "-RCB-", "\\", "hbox", "-LCB-", "-", "-RCB-", "\\", "mathrm", "-LCB-", "D", "-RCB-", "\\", "mathrm", "-LCB-", "N", "-RCB-", "\\", "mathrm", "-LCB-", "A", "-RCB-", "\\", "left", "(", "\\", "mathrm", "-LCB-", "control", "-RCB-", "\\", "right", ")", "-RCB-", "\\", "times", "100", "$", "$", "\\", "end", "-LCB-", "document", "-RCB-", "Kt", "=", "%", "damageremainingtxmean", "%", "tailDNAtxmean", "%", "tailDNAcontrolmean", "%", "tailDNAt0mean", "%", "tailDNAcontrol100", "."]	[68]	10.1186.s12870-014-0353-9	91	false	\N	\N	\N	\N	\N	\N	\N
[17]	GeneName	0.26855593477795037	PhenoName	195	["Likewise", ",", "_", "gsd1", "_", ",", "a", "weak", "allele", "of", "_", "ACC1", "_", ",", "which", "shows", "a", "clear", "phenotype", "in", "the", "warm", ",", "appears", "to", "have", "a", "less", "severe", "stem", "wax", "phenotype", "(", "based", "on", "comparison", "with", "electron", "microscopy", "images", "presented", "by", ")", "than", "cold-grown", "_", "sfr3", "_", "plants", "."]	[3]	10.1093.jxb.ers191	1711	false	\N	\N	true	\N	\N	\N	\N
[15, 16]	GeneName	0.49826385294983533	PhenoName	130	["_", "syp22", "_", "showed", "multiple", "abnormal", "phenotypes", ",", "including", "semi-dwarfism", ",", "serrated", "wavy", "leaves", ",", "late", "flowering", ",", "and", "resistance", "to", "salt", "stress", "(", ")", "-LSB-", ",", "-RSB-", "."]	[1]	PONE-D-15-49250	769	true	\N	\N	\N	\N	\N	\N	\N
[11]	GeneName	0.5010369534314822	PhenoName	25	["Indeed", ",", "genetic", "works", "in", "Arabidopsis", "have", "identified", "a", "number", "of", "curly", "leaf", "mutants", ",", "such", "as", "the", "_", "incurvata", "_", "(", "_", "icu", "_", ")", "series", "of", "mutants", "."]	[11, 12]	10.1371.journal.pone.0107637	1243	false	\N	\N	\N	\N	\N	\N	\N
[39]	GeneName	0.26742633867195353	PhenoName	374	["The", "G", "lignin", "in", "_", "irx8", "_", "is", "significantly", "reduced", "(", "Figures", ",", ")", ",", "and", "released", "in", "the", "1", "M", "KOH", "extract", "(", "Figure", ")", "rather", "than", "in", "the", "chlorite", "-", "and", "PC4MKOH", "extracts", "as", "occurs", "in", "the", "WT", "(", "Figures", ",", ")", ",", "suggesting", "a", "possible", "correlation", "between", "the", "xylan", "reduction", "and", "lignin", "alteration", "in", "_", "irx8", "_", "."]	[58]	10.3389.fpls.2014.00357	1032	false	\N	\N	true	\N	\N	\N	\N
[21]	GeneName	0.268369217218326	PhenoName	200	["Our", "data", "showing", "shorter", "G-overhangs", "in", "_", "Arabidopsis", "stn1", "tert", "_", "and", "_", "exo1", "stn1", "tert", "_", "mutants", "indicate", "that", "the", "long", "G-overhangs", "in", "STN1-deficient", "plants", "are", "partially", "derived", "from", "an", "impaired", "C-strand", "fill-in", "or", "aberrant", "processing", "after", "telomerase", "elongation", "."]	[8]	10.1371.journal.pgen.1004682	1462	false	\N	true	true	\N	\N	\N	\N
[50]	GeneName	0.268704827721722	PhenoName	154	["The", "observation", "that", "the", "phenotype", "displayed", "by", "the", "_", "fzl", "-", "_", "L_er", "_", "mutant", "partially", "recovered", "by", "high", "temperature", "or", "low", "light", "treatments", "was", "very", "similar", "to", "the", "_", "fzl", "_", "-", "Col", "phenotype", ",", "suggested", "that", "the", "_", "fzl", "-", "_", "Col", "mutant", "could", "be", "seen", "as", "the", "mild", "version", "of", "the", "typical", "LMM", "phenotype", "shown", "by", "the", "_", "fzl", "-", "_", "L_er", "_", "."]	[30]	10.1093.jxb.ert237	512	false	\N	\N	\N	true	\N	\N	\N
[4]	GeneName	0.2686167851001022	PhenoName	52	["In", "this", "study", ",", "WT", "_", "Arabidopsis", "_", "Columbia", "(", "Columbia-0", ")", ",", "Landsberg", "_", "erecta", "_", "(", "L_er", "_", ")", "ecotype", "and", "_", "abi4-1", "_", "were", "used", "."]	[15]	10.3389.fpls.2015.00861	1288	false	\N	\N	true	\N	\N	\N	\N
[28]	GeneName	0.26953858602258063	PhenoName	176	["The", "expression", "of", "_", "psbB", "_", ",", "_", "ycf2", ".2", "_", ",", "_", "RbcS", "_", ",", "and", "_", "CAO", "_", "was", "a", "little", "higher", "in", "_", "sg1", "_", "albino", "leaves", "than", "in", "the", "WT", "."]	[26]	10.1093.jxb.ert463	1566	false	\N	\N	true	\N	\N	\N	\N
[15, 16]	GeneName	0.4973739710320706	PhenoName	6	["The", "newly", "formed", "leaves", "of", "_", "sg1", "_", "were", "initially", "albino", ",", "but", "gradually", "became", "pale", "green", "."]	[6]	10.1093.jxb.ert463	1539	false	\N	\N	\N	true	\N	\N	\N
[9]	GeneName	0.2690517376038132	PhenoName	203	["To", "determine", "if", "this", "competence", "was", "indeed", "affected", ",", "small", "populations", "of", "2022", "plants", "of", "wild", "type", ",", "the", "_", "spl9", "_", ",", "_", "spl15", "_", "single", "and", "double", "mutants", "and", "the", "_", "MIR156b", "_", "overexpressor", "were", "germinated", "and", "cultivated", "for", "3weeks", "in", "non-inductive", "SD", "conditions", "(", "see", "Materials", "and", "methods", ")", "."]	[20]	10.1007.s11103-008-9310-z	1336	false	\N	\N	true	\N	\N	\N	\N
[0]	GeneName	0.26880059773965526	PhenoName	45	["Wt", "_", "Arabidopsis", "thaliana", "_", "seeds", "of", "the", "ecotypes", "Col", "0", ",", "WS", ",", "and", "L_er", "_", ",", "and", "_", "ahk1", "_", "were", "provided", "by", "the", "Arabidopsis", "Biological", "Resource", "Center", "(", "Ohio", "State", "University", ",", "Columbus", ")", "."]	[20]	10.1093.jxb.ers025	1160	false	\N	\N	true	\N	\N	\N	\N
[20, 21]	GeneName	0.4985957267447206	PhenoName	192	["WRKY70", "was", "previously", "demonstrated", "to", "regulate", "both", "plant", "defence", "and", "leaf", "senescence", "in", "_", "Arabidopsis", "_", ",", "leading", "to", "an", "early", "senescence", "phenotype", "in", "_", "wrky70", "_", "mutants", "(", ")", "and", "to", "enhanced", "resistance/susceptibility", "phenotypes", "to", "several", "pathogens", "in", "_", "wrky70", "_", "overexpressor", "and", "mutant", "lines", "(", ";", ";", "."]	[40]	10.1093.jxb.err450	882	true	\N	\N	\N	\N	\N	\N	\N
[5]	GeneName	0.26935814510002687	PhenoName	0	["Arabidopsis", "mTERF15", "Is", "Required", "for", "Mitochondrial", "_", "nad2", "_", "Intron", "3", "Splicing", "and", "Functional", "Complex", "I", "Activity", "."]	[7]	10.1371.journal.pone.0112360	777	false	\N	\N	\N	\N	\N	\N	\N
[32, 33]	GeneName	0.7325283273135786	PhenoName	137	["Moreover", ",", "DET1", "could", "act", "with", "LHY/CCA1", "to", "negatively", "regulate", "GI", "binding", "to", "the", "_", "FT", "_", "promoter", "mainly", "in", "SD", ",", "because", "_", "lhy", "cca1", "_", "double", "mutants", "also", "exhibit", "photoperiod-insensitive", "early", "flowering", "."]	[24]	10.1038.srep09728	1152	false	\N	true	\N	\N	\N	\N	\N
[11]	GeneName	0.2687723290790168	PhenoName	83	["The", "primary", "pattern", "is", "that", "chlorophyll", "is", "retained", "in", "a", "triangular-shaped", "proximal", "zone", "and", "lost", "elsewhere", "in", "_", "as1", "_", "medial", "sepals", "(", "FigureI", ",", "J", ")", "."]	[18]	10.1186.s12870-014-0195-5	1767	false	\N	\N	true	\N	\N	\N	\N
[9]	GeneName	0.4991234453098157	PhenoName	323	["Mutants", "of", "GABA", "Transaminase", "(", "POP2", ")", "Suppress", "the", "Severe", "Phenotype", "of", "_", "succinic", "semialdehyde", "dehydrogenase", "_", "(", "_", "ssadh", "_", ")", "Mutants", "in", "_", "Arabidopsis", "_", "."]	[19]	10.1186.1471-2229-10-20	571	false	\N	\N	\N	\N	\N	\N	\N
[16, 17]	GeneName	0.7313731194071169	PhenoName	2	["Previous", "work", "showed", "that", "Arabidopsis", "_", "irregular", "xylem8", "_", "(", "_", "irx8", "_", ")", "mutants", "have", "collapsed", "xylem", "due", "to", "a", "reduction", "in", "xylan", "and", "a", "lesser", "reduction", "in", "a", "subfraction", "of", "homogalacturonan", "(", "HG", ")", "."]	[11]	10.3389.fpls.2014.00357	993	true	\N	\N	\N	\N	\N	\N	\N
[27]	GeneName	0.2689752697063351	PhenoName	32	["Here", ",", "we", "characterize", "the", "loss-of-function", "_", "rugosa1", "_", "(", "_", "rug1", "_", ")", "mutant", "of", "Arabidopsis", ";", "the", "leaves", "of", "_", "rug1", "_", "plants", "spontaneously", "develop", "small", "patches", "of", "necrotic", "tissue", "similar", "to", "those", "seen", "in", "lesion-mimic", "mutants", "."]	[22]	10.1371.journal.pone.0053378	169	false	\N	\N	true	\N	\N	\N	\N
[2]	GeneName	0.7315165608990394	PhenoName	175	["Only", "a", "small", "number", "of", "such", "transcripts", "were", "observed", "in", "_", "mtr4", "_", "mutants", "(", ",", ")", "and", "accumulated", "at", "lower", "levels", "(", ",", ")", ",", "indicating", "that", "MTR4", ",", "as", "compared", "with", "HEN2", ",", "has", "a", "rather", "minor", "contribution", "to", "nuclear", "mRNA", "surveillance", "."]	[11]	10.1371.journal.pgen.1004564	305	false	\N	\N	true	\N	true	\N	\N
[31]	GeneName	0.26812123481497485	PhenoName	147	["Comparison", "of", "wt", "and", "_", "ahr1", "_", "root", "tips", "revealed", "that", "the", "water", "deficit", "conditions", "of", "the", "horizontal", "WSMNM", "screening", "system", "damaged", "almost", "all", "the", "cells", "in", "root", "tips", "of", "the", "wt", ",", "since", "these", "readily", "accumulated", "propidium", "iodide", "."]	[5]	10.1093.jxb.ers025	1205	false	\N	\N	\N	true	\N	pheno: damaged...cells in root tips	\N
[30]	GeneName	0.2684035261283862	PhenoName	86	["When", "seeds", "subjected", "to", "one", "week", "of", "dry", "storage", "were", "stratified", "for", "3", "days", ",", "the", "differences", "in", "the", "rates", "of", "germination", "and", "cotyledon", "greening", "between", "_", "abi4", "_", "and", "WT", "were", "moderately", "reduced", "(", ",", ")", ",", "compared", "with", "the", "larger", "difference", "shown", "in", "and", "."]	[27]	10.1371.journal.pgen.1003577	417	false	\N	\N	\N	true	\N	\N	\N
[21]	GeneName	0.26723152295841107	PhenoName	138	["The", "frequency", "of", "_", "myb64", "myb119", "_", "gametophytes", "expressing", "_", "ProFIS2", ":", "GFP", "_", "was", "reduced", "as", "compared", "to", "the", "other", "central", "cell", "marker", "_", "ProDD65", ":", "GFP", "_", "(", "5", "%", "versus", "15", "%", ",", "respectively", ";", "two", "sample", "t-test", ":", "p-value", "=", "0.03", ")", ",", "and", "the", "difference", "between", "their", "frequencies", "roughly", "correlates", "with", "the", "number", "of", "seed-like", "structures", "observed", "in", "this", "genotype", "(", ")", ",", "suggesting", "that", "the", "autonomous", "seeds", "may", "arise", "from", "_", "myb64", "myb119", "_", "gametophytes", "with", "central", "cell", "identity", "but", "without", "a", "functional", "FIS", "PRC2", "."]	[78]	10.1371.journal.pgen.1003783	1313	false	\N	true	\N	\N	true	\N	\N
[10]	GeneName	0.2687265758963888	PhenoName	121	["Interestingly", ",", "we", "observed", "differences", "in", "the", "response", "to", "light", "intensity", "between", "_", "hda6", "_", "and", "_", "phyB5", "_", "."]	[13]	10.1371.journal.pgen.1000638	845	false	\N	\N	\N	\N	\N	\N	\N
[7]	GeneName	0.26867133242374847	PhenoName	152	["However", ",", "our", "data", "show", "that", "these", "severe", "defects", "can", "be", "suppressed", "by", "ALG10", "deficiency", ",", "suggesting", "that", "-", "glucosidase", "I", "_", "per", "se", "_", "is", "not", "essential", "for", "embryo", "development", "and", "the", "lethality", "is", "caused", "by", "the", "presence", "of", "the", "terminal", "1,2-linked", "glucose", "that", "blocks", "further", "trimming", "of", "the", "_", "N", "_", "-", "glycan", "."]	[23]	10.1111.j.1365-313X.2011.04688.x	912	false	true	\N	\N	\N	\N	\N	\N
[18]	GeneName	0.267933346952562	PhenoName	197	["Indeed", ",", "our", "results", "revealed", "that", "the", "ABA", "level", "in", "_", "cyp707a2", "_", "is", "significantly", "increased", "compared", "to", "WT", "(", ")", ",", "which", "is", "consistent", "with", "the", "previous", "study", "."]	[11]	10.1371.journal.pgen.1003577	471	false	\N	\N	\N	true	\N	\N	\N
[12]	GeneName	0.26852366131161387	PhenoName	92	["Consistent", "with", "these", "results", ",", "we", "also", "did", "not", "detect", "differences", "in", "cotyledon", "greening", "rates", "between", "_", "abi4", "_", "and", "WT", "when", "we", "employed", "fully", "after-ripened", "seeds", "."]	[17]	10.1371.journal.pgen.1003577	426	false	\N	\N	\N	\N	\N	\N	\N
[34]	GeneName	0.26776927120173394	PhenoName	112	["A", "total", "of", "13", "genes", "related", "to", "auxin", "response", "(", "included", "in", "the", "systemic", "interaction", "with", "the", "environment", "class", ")", "were", "misregulated", "in", "_", "rug1", "_", ",", "12", "of", "them", "belonging", "to", "the", "_", "SMALL", "AUXIN-UP", "RNA", "_", "(", "_", "SAUR", "_", ")", "family", "of", "auxin-inducible", "genes", "(", ")", ",", "which", "are", "rapidly", "upregulated", "after", "auxin", "exposure", "."]	[24]	10.1371.journal.pone.0053378	194	false	\N	\N	\N	\N	true	\N	\N
[73]	GeneName	0.26714811671583566	PhenoName	26	["The", "_", "taa1", "_", "plant", "has", "a", "decreased", "level", "of", "endogenous", "IAA", "and", "displays", "defects", "in", "shade", "avoidance", "and", "root-specific", "ethylene", "sensitivity", ",", "and", "the", "simultaneous", "mutation", "of", "_", "TAA1", "_", "and", "its", "close", "homologs", "(", "_", "TAR1", "_", "and", "_", "TAR2", "_", ")", "results", "in", "phenotypes", "that", "are", "obviously", "auxin-related", ",", "such", "as", "reduced", "gravitropic", "response", "of", "roots", ",", "shortened", "hypocotyls", ",", "and", "_", "monopteros", "-", "_", "like", "seedlings", "with", "a", "single", "cotyledon", "."]	[2]	10.1371.journal.pgen.1003759	837	false	\N	\N	true	\N	\N	\N	\N
[40]	GeneName	0.26701735147477124	PhenoName	140	["As", "with", "_", "myb64", "myb119", "_", ",", "the", "_", "cki1", "_", "mutation", "affects", "stage", "FG5", "of", "female", "gametophyte", "development", "and", "occasionally", "produces", "female", "gametophytes", "containing", "supernumerary", "nuclei", ",", "suggesting", "that", "_", "CKI1", "_", "may", "also", "be", "required", "for", "the", "FG5", "transition", "."]	[4]	10.1371.journal.pgen.1003783	1316	false	\N	true	true	\N	\N	\N	\N
[27]	GeneName	0.2681786180312069	PhenoName	112	["Thus", ",", "among", "the", "progeny", ",", "plants", "harbouring", "a", "_", "wrky34", "_", "allele", "were", "significantly", "more", "frequent", "than", "plants", "harbouring", "a", "_", "WRKY34", "_", "allele", "(", "the", "WT", ")", ",", "which", "indicated", "that", "differential", "gametophytic", "viability", "existed", "after", "exposure", "to", "cold", "stress", "."]	[10]	10.1093.jxb.erq204	1376	false	\N	\N	\N	\N	true	\N	\N
[10]	GeneName	0.26949030982887034	PhenoName	110	["Compared", "with", "wild-type", "seedlings", ",", "_", "mterf15", "_", "seedlings", "were", "small", "in", "stature", ",", "had", "small", "cotyledons", "and", "displayed", "reduced", "growth", "of", "primary", "roots", "."]	[6]	10.1371.journal.pone.0112360	783	false	\N	\N	true	\N	\N	\N	\N
[25]	GeneName	0.2682025956991391	PhenoName	23	["Given", "the", "strong", "_", "pin1", "_", "phenotype", ",", "one", "would", "expect", "at", "least", "some", "type", "of", "intermediate", "phenotype", "in", "the", "lines", "complemented", "by", "the", "S4A", "variant", "if", "this", "site", "matters", "."]	[4]	10.7554.eLife.02860.034	1128	false	\N	\N	\N	\N	true	\N	\N
[15, 16]	GeneName	0.8806709599143078	PhenoName	169	["_", "agl24", "_", "mutants", "show", "delayed", "flowering", "while", "_", "agl24", "svp", "_", "double", "mutants", "are", "early", "flowering", "as", "_", "svp", "_", "single", "mutants", "-LSB-", "-RSB-", "."]	[19]	10.1371.journal.pgen.1004944	1646	true	\N	\N	\N	\N	\N	\N	\N
[65]	GeneName	0.26672149095509934	PhenoName	255	["Although", "the", "decreased", "ABA", "level", "and", "increased", "GA", "content", "in", "_", "abi4", "_", "seeds", "are", "responsible", "for", "the", "reduced", "primary", "seed", "dormancy", "in", "this", "mutant", "(", ",", ",", ")", ",", "it", "is", "noteworthy", "that", "reduced", "seed", "dormancy", "was", "also", "detected", "when", "the", "short-term", "stored", "_", "abi4", "_", "seeds", "were", "stratified", "(", ")", ",", "even", "the", "corresponding", "ABA", "levels", "were", "comparable", "between", "_", "abi4", "_", "and", "WT", "after", "stratification", "treatment", "."]	[11]	10.1371.journal.pgen.1003577	487	false	\N	\N	true	\N	\N	\N	\N
[13]	GeneName	0.2689299821996491	PhenoName	313	["Compared", "to", "WT", "fiber", "cells", ",", "there", "is", "a", "reduction", "in", "the", "labeling", "intensity", "in", "_", "irx8", "_", "fibers", "with", "LM10", ",", "CCRC-M137", ",", "and", "CCRC-M160", "."]	[16]	10.3389.fpls.2014.00357	1012	false	\N	\N	\N	\N	true	\N	\N
[22]	GeneName	0.5001838800987068	PhenoName	153	["In", "untreated", "WT", "and", "_", "wrky34", "_", "mutant", "plants", ",", "the", "levels", "of", "MIKC", "*", "transcripts", "showed", "no", "significant", "difference", "between", "the", "WT", "and", "_", "wrky34", "_", "mutants", "."]	[5]	10.1093.jxb.erq204	1406	false	\N	\N	\N	\N	\N	\N	\N
[2]	GeneName	0.2690910160768865	PhenoName	63	["The", "earlier", "onset", "of", "developmental", "phenotypes", "in", "_", "stn1", "(", "C", ")", "_", "plants", "inversely", "correlated", "with", "telomere", "length", "as", "G1", "_", "stn1", "(", "C", ")", "_", "and", "_", "stn1", "(", "W/C", ")", "_", "telomeres", "were", "on", "average", "2,2", "and", "2,8", "kb", ",", "respectively", "."]	[8]	10.1371.journal.pgen.1004682	1440	false	\N	\N	\N	\N	true	\N	\N
[31]	GeneName	0.7331706847108115	PhenoName	2	["Previously", ",", "we", "reported", "that", "upregulation", "of", "_", "YSL1", "_", "and", "_", "YSL3", "_", "under", "excess", "Cu", "caused", "high", "accumulation", "of", "Cu", "in", "the", "_", "siz1", "_", "mutant", ",", "impaired", "in", "small", "ubiquitin-like", "modifier", "(", "SUMO", ")", "E3", "ligase", "."]	[25]	10.1371.journal.pone.0098008	957	false	\N	\N	true	\N	\N	\N	\N
[27]	GeneName	0.8819504593379623	PhenoName	54	["To", "determine", "whether", "cold", "stress", "affects", "the", "segregation", "ratio", "of", "progeny", "from", "self-fertilized", "_", "WRKY34/wrky34", "_", "heterozygotes", "produced", "by", "crosses", "between", "_", "wrky34", "_", "mutants", "and", "the", "WT", ",", "and", "because", "_", "WRKY34", "_", "was", "expressed", "only", "in", "pollen", ",", "plants", "with", "flowers", "at", "stage", "13", "were", "treated", "with", "cold", "stress", ";", "flowers", "from", "untreated", "greenhouse-grown", "plants", "were", "used", "as", "the", "control", "."]	[22]	10.1093.jxb.erq204	1373	false	\N	\N	\N	\N	true	\N	\N
[15]	GeneName	0.26923514007229105	PhenoName	89	["Indeed", ",", "the", "_", "abi4", "_", "seeds", "subjected", "to", "short-term", "storage", "germinated", "more", "quickly", "than", "WT", ",", "especially", "without", "stratification", "treatment", "."]	[4]	10.1371.journal.pgen.1003577	425	false	\N	\N	true	\N	\N	\N	\N
[7]	GeneName	0.7336629029334557	PhenoName	171	["The", "_", "gsd1", "_", "mutant", "exhibits", "a", "large", "reduction", "in", "total", "wax", "that", "is", "due", "mainly", "to", "the", "decrease", "in", "the", "production", "of", "the", "very-long-chain", "alkane", ",", "secondary", "alcohol", ",", "and", "ketone", "precursors", "."]	[2]	10.1093.jxb.ers191	1703	false	\N	\N	true	\N	\N	\N	\N
[16]	GeneName	0.2701522243005953	PhenoName	55	["The", "resulting", "first", "generation", "(", "G1", ")", "_", "stn1", "(", "W/C", ")", "_", "mutants", "displayed", "only", "mild", "growth", "defects", "and", "a", "low", "frequency", "of", "anaphase", "bridges", "."]	[8]	10.1371.journal.pgen.1004682	1437	false	\N	\N	true	\N	\N	\N	\N
[14]	GeneName	0.26829833171477024	PhenoName	203	["Combining", "_", "rps10b-1", "_", "and", "_", "cuc3", "_", "doubled", "the", "proportion", "of", "seedlings", "showing", "cotyledon", "fusion", "(", "13.9", "%", ",", "compared", "to", "7.7", "%", "for", "_", "cuc3", "_", "alone", ",", "2", "=", "6.77", ",", "p", "=", "0.01", ")", "."]	[26]	10.1186.1471-2229-12-160	532	false	\N	\N	true	\N	\N	\N	\N
[72, 73]	GeneName	0.49870858834470605	PhenoName	159	["While", "the", "class", "I", "_", "tso1", "_", "alleles", ",", "exemplified", "by", "the", "missense", "mutations", "of", "conserved", "cysteine", "residues", "in", "the", "CXC", "domain", ",", "develop", "abnormal", "floral", "organs", "and", "exhibit", "meristem", "fasciation", ",", "the", "class", "II", "_", "tso1", "_", "alleles", ",", "represented", "by", "the", "_", "tso1", "_", "nonsense", "allele", "and", "the", "T-DNA", "insertion", "allele", ",", "do", "not", "show", "any", "such", "defects", "in", "floral", "organ", "morphology", "or", "meristem", "fasciation", ",", "but", "rather", "they", "develop", "small", "siliques", "with", "reduced", "seed", "set", "."]	[36]	10.1371.journal.pgen.1002352	1533	true	\N	\N	\N	\N	\N	\N	\N
[30]	GeneName	0.11881428285971048	PhenoName	150	["In", "this", "study", ",", "the", "expression", "of", "each", "three", "selected", "seed", "storage", "protein", "and", "oleosin", "genes", "were", "induced", "higher", "by", "ABA", "in", "germinated", "seeds", "of", "_", "abi5", "_", "than", "in", "WT", "(", ")", ",", "suggesting", "that", ",", "unlike", "ABI3", "during", "seed", "development", ",", "ABI5", "can", "inhibit", "the", "expression", "of", "the", "selected", "seed", "storage", "protein", "and", "oleosin", "genes", "during", "seed", "germination", "."]	[26]	10.1093.jxb.ert343	1057	false	\N	\N	true	\N	\N	\N	\N
[7]	GeneName	0.11901787850229108	PhenoName	86	["Relative", "expression", "levels", "of", "target", "genes", "in", "WT", ",", "_", "cpr5", "_", ",", "and", "_", "CPR5", "_", "over-expression", "plants", "with", "or", "without", "ABA", "treatments", ",", "were", "calculated", "based", "on", "corresponding", "levels", "in", "wild-type", "plants", "without", "ABA", "treatment", "."]	[10]	10.1371.journal.pone.0019406	1362	false	\N	\N	\N	\N	true	\N	\N
[3]	GeneName	0.731242295759351	PhenoName	54	["In", "contrast", "to", "WT", "and", "_", "lox1-2", "35S", ":", "LOX1", "_", ",", "_", "lox1", "_", "mutants", "were", "significantly", "compromised", "in", "their", "ability", "to", "close", "stomata", "in", "response", "to", "virulent", "_", "Pst", "_", "DC3000", "and", "avirulent", "_", "Pst", "_", "DC3000", "_", "AvrRpm1", "_", "strains", "."]	[13]	10.1371.journal.pbio.1001513	862	false	\N	\N	\N	true	\N	\N	\N
[4, 5]	GeneName	0.4986316510923305	PhenoName	335	["Other", "dwarf", "mutants", "with", "collapsed", "xylem", "phenotypes", ",", "particularly", "_", "irx9", "_", "and", "_", "parvus-3", "_", ",", "have", "dehiscent", "anthers", "that", "release", "pollen", "(", "Supplemental", "Figure", ")", "and", "produce", "seeds", "under", "the", "same", "growth", "conditions", "."]	[10]	10.3389.fpls.2014.00357	1020	true	\N	\N	\N	\N	\N	\N	\N
[5]	GeneName	0.268680662699465	PhenoName	53	["Moreover", ",", "an", "analysis", "of", "mitochondrial", "intron", "splicing", "in", "_", "mterf15", "_", "mutants", "revealed", "defective", "RNA", "splicing", "of", "_", "nad2", "_", "intron", "3", ",", "which", "led", "to", "a", "deficiency", "in", "complex", "I", "activity", "."]	[19]	10.1371.journal.pone.0112360	781	false	\N	\N	\N	\N	\N	\N	\N
[16, 17]	GeneName	0.7305028512085232	PhenoName	153	["In", "contrast", "to", "the", "gain-of-function", "mutant", "_", "adp1", "_", "-", "D", ",", "the", "quadruple", "mutants", "showed", "retarded", "growth", "from", "early", "developmental", "stages", "to", "maturation", "."]	[7]	10.1371.journal.pgen.1003954	1674	false	\N	\N	\N	\N	\N	\N	true
[9]	GeneName	0.2678120868117117	PhenoName	116	["Accordingly", ",", "after", "a", "3-day", "stratification", "treatment", ",", "both", "WT", "and", "_", "abi4", "_", "mutant", "seeds", "contained", "lower", "ABA", "levels", ",", "and", "importantly", ",", "the", "ABA", "levels", "were", "comparable", "between", "WT", "and", "_", "abi4", "_", "."]	[33]	10.1371.journal.pgen.1003577	442	\N	\N	\N	\N	\N	\N	\N	\N
[19]	GeneName	0.2686089382801856	PhenoName	313	["_", "msh4W_s", "was", "genotyped", "using", "primers", "msh4", "#", "1", "and", "msh4", "#", "2", "at", "57C", "for", "30", "cycles", "(", "wt", "allele", ":", "805", "bp", ";", "mutant", "allele", "749", "bp", ")", "."]	[6]	10.1371.journal.pgen.1002799	875	\N	\N	\N	\N	\N	\N	\N	\N
[18]	GeneName	0.2677698635951831	PhenoName	111	["As", "described", "above", ",", "_", "abi4", "_", "seeds", "subjected", "to", "short-term", "storage", "exhibited", "significantly", "reduced", "dormancy", "compared", "with", "WT", "seeds", ",", "but", "the", "difference", "in", "germination", "rate", "between", "_", "abi4", "_", "and", "WT", "was", "decreased", "moderately", "or", "even", "abolished", "after", "stratification", "or", "longer", "period", "of", "storage", "."]	[29]	10.1371.journal.pgen.1003577	437	\N	\N	\N	\N	\N	\N	\N	\N
[20]	GeneName	0.2686035302514349	PhenoName	255	["Tolerance", "of", "_", "ahr1", "_", ",", "_", "nhr1", "_", ",", "_", "miz1", "_", ",", "_", "miz2", "_", ",", "and", "the", "wt", "to", "exogenous", "cytokinins", "."]	[11]	10.1093.jxb.ers025	1239	\N	\N	\N	\N	\N	\N	\N	\N
[23]	GeneName	0.26865737628370234	PhenoName	158	["Our", "experimental", "results", "showed", "that", "catalase", "activity", "is", "reduced", "in", "_", "rug1", "_", "plants", "grown", "under", "long", "day", "conditions", "(", "and", "hence", "exhibiting", "large", "chlorotic", "areas", ")", "as", "in", "_", "cf1", "_", "yellow", "sectors", ",", "supporting", "the", "model", "that", "reduced", "antioxidant", "activity", "is", "responsible", "for", "the", "formation", "of", "damaged", "areas", "."]	[30]	10.1371.journal.pone.0053378	201	\N	\N	\N	\N	\N	\N	\N	\N
[52]	GeneName	0.7313075472015002	PhenoName	190	["Surprisingly", ",", "_", "CBF_s", "were", "significantly", "induced", "by", "cold", "stress", "in", "_", "wrky34", "_", "mutants", "rather", "than", "in", "the", "WT", ",", "and", "disruption", "of", "_", "WRKY34", "_", "also", "enhanced", "induction", "of", "_", "CBF", "_", "-", "targeted", "genes", "(", ";", ")", ",", "implying", "that", "the", "cold-induced", "expression", "of", "_", "WRKY34", "_", "in", "the", "WT", "might", "repress", "expression", "of", "cold-induced", "_", "CBF", "_", "genes", "in", "mature", "pollen", "."]	[12]	10.1093.jxb.erq204	1433	\N	\N	\N	\N	\N	\N	\N	\N
[23]	GeneName	0.2698254442993184	PhenoName	163	["However", ",", "the", "_", "fut4/fut6", "_", "mutant", "did", "not", "show", "a", "root", "phenotype", "under", "normal", "growth", "conditions", "suggesting", "that", "the", "_", "mur1", "_", "short", "root", "phenotype", "can", "not", "be", "attributed", "entirely", "to", "the", "lack", "of", "Fuc", "on", "root", "AGPs", "."]	[21]	10.1371.journal.pone.0093291	855	\N	\N	\N	\N	\N	\N	\N	\N
[34]	GeneName	0.7312407525661871	PhenoName	217	["In", "order", "to", "test", "whether", "the", "_", "spl9", "__", "spl15", "_", "double", "mutant", "and", "the", "_", "MIR156b", "_", "overexpressor", "are", "defective", "in", "gibberellin", "sensitivity", "or", "biosynthesis", ",", "we", "exogenously", "applied", "GA3", "and", "compared", "the", "onset", "of", "abaxial", "trichome", "production", "to", "mock", "treated", "and", "wild-type", "plants", "grown", "in", "LD1", "(", "Fig", ".", ")"]	[9]	10.1007.s11103-008-9310-z	1339	\N	\N	\N	\N	\N	\N	\N	\N
[15]	GeneName	0.2694264142986299	PhenoName	393	["In", "contrast", ",", "CCRC-M149", "labels", "a", "thinner", "wall", "in", "_", "irx8", "_", "fibers", "with", "similar", "intensity", "(", "i.e.", ",", "epitope", "density", ")", "in", "both", "_", "irx8", "_", "and", "_", "irx8", "+", "GAUT12", "_", "plants", "compared", "to", "WT", "plants", ",", "suggesting", "that", "the", "CCRC-M149-reactive", "xylan", "was", "perhaps", "indirectly", "affected", "by", "the", "_", "irx8", "_", "mutation", "."]	[10]	10.3389.fpls.2014.00357	1039	\N	\N	\N	\N	\N	\N	\N	\N
[14]	GeneName	0.2677393274158698	PhenoName	117	["In", "contrast", ",", "3", "%", "glucose", "promoted", "expression", "of", "_", "ADP-Glucose", "pyrophosphrylase", "_", ",", "large", "subunit", "(", "_", "APL3", "_", ")", "(", "AT4G39210", ")", ",", "a", "rate", "limiting", "enzyme", "for", "starch", "synthesis", "and", "the", "anthocyanin", "biosynthesis", "gene", "_", "chalcone", "synthase", "_", "(", "_", "CHS", "_", ")", "(", "AT5G13930", ")", "for", "several", "folds", "in", "Col-0", "."]	[38, 39]	10.1371.journal.pone.0056412	822	\N	\N	\N	\N	\N	\N	\N	\N
[50]	GeneName	0.2681882716408732	PhenoName	188	["A", "PSI-BLAST", "search", "of", "the", "_", "C.", "elegans", "_", "subset", "of", "nr", "identifies", "the", "putative", "Cst9", "orthologue", "ZHP-3", "(", "E", "=", "5e-05", ",", "NP_492311", ")", "as", "the", "most", "significant", "protein", "hit", ",", "in", "addition", "to", "its", "wormbase-reported", "ZHP-3", "paralogues", "(", "F55A12", ".10", ",", "Y39B6A", ".1", ",", "D1081", ".9", ")", "with", "borderline", "or", "below", "significance", "similarities", "."]	[11]	10.1371.journal.pgen.1002799	874	\N	\N	\N	\N	\N	\N	\N	\N
[4]	GeneName	0.2681486517298717	PhenoName	155	["In", "fact", ",", "the", "cotyledon", "greening", "and", "expansion", "(", ")", ",", "as", "well", "as", "the", "root", "growth", "of", "the", "_", "cpr5-1", "_", "mutant", "(", ")", ",", "were", "also", "inhibited", "at", "the", "postgermination", "stage", ",", "and", "at", "7", "days", ",", "only", "40", "%", "of", "the", "_", "cpr5", "_", "plant", "had", "small", "green", "cotyledons", "."]	[45]	10.1371.journal.pone.0019406	1368	\N	\N	\N	\N	\N	\N	\N	\N
[16, 17]	GeneName	0.49817621161138886	PhenoName	177	["Impaired", "chloroplast", "activity", "results", "in", "reduced", "chlorophyll", "levels", "in", "_", "mda1", "_", "plants", ",", "leading", "to", "pale", "green", "organs", "and", "general", "stunted", "growth", ",", "as", "shown", "by", "the", "lower", "weight", "and", "reduced", "height", "of", "_", "mda1", "_", "plants", "."]	[10]	10.1371.journal.pone.0042924	316	\N	\N	\N	\N	\N	\N	\N	\N
[9]	GeneName	0.26866738960289976	PhenoName	256	["Disruption", "of", "phytoene", "desaturase", "gene", "results", "in", "albino", "and", "dwarf", "phenotypes", "in", "_", "Arabidopsis", "_", "by", "impairing", "chlorophyll", ",", "carotenoid", ",", "and", "gibberellin", "biosynthesis", "."]	[2, 3]	10.1093.jxb.ers078	961	\N	\N	\N	\N	\N	\N	\N	\N
[30, 31, 32, 33]	GeneName	0.4992984251771285	PhenoName	103	["Also", ",", "we", "observed", "that", "the", "_", "cpn20", "_", "-", "_", "1", "_", "mutant", "showed", "higher", "capacity", "to", "conserve", "its", "water", "at", "the", "whole-plant", "level", "but", "the", "OE2", "line", "showed", "less", "resistant", "to", "drought", "than", "the", "wild-type", "plants", "(", "Fig.g", ")", "."]	[7]	10.1007.s11103-013-0082-8	894	\N	\N	\N	\N	\N	\N	\N	\N
[14]	GeneName	0.4999449899715755	PhenoName	129	["As", "expected", ",", "the", "addition", "of", "50", "M", "ACC", "led", "to", "a", "recovery", "in", "cotyledon", "greening", "in", "_", "cbl1", "_", "mutant", "plants", "under", "high", "glucose", "concentration", "."]	[18]	10.1371.journal.pone.0056412	824	\N	\N	\N	\N	\N	\N	\N	\N
[19]	GeneName	0.26776635721813546	PhenoName	69	["The", "sequence", "change", "in", "_", "rug1", "_", "is", "predicted", "to", "cause", "an", "AlaVal", "substitution", "in", "the", "RUG1", "protein", "at", "position", "246", ",", "a", "residue", "that", "is", "highly", "conserved", "among", "PBGDs", "."]	[5]	10.1371.journal.pone.0053378	187	\N	\N	\N	\N	\N	\N	\N	\N
[12]	GeneName	0.2681036282042745	PhenoName	7	["_", "hlq", "_", "and", "two", "additional", "alleles", "that", "vary", "in", "their", "phenotypic", "severity", "of", "starch", "accumulation", "in", "the", "light", "and", "dark", "have", "been", "isolated", ",", "and", "it", "is", "shown", "that", "they", "are", "alleles", "of", "_", "bin3/hyp6/rhl3", "_", "/", "Topoisomerase6B", "."]	[1]	10.1093.jxb.eru198_2	701	\N	\N	\N	\N	\N	\N	\N	\N
[26]	GeneName	0.2681578765793577	PhenoName	158	["Flourescence", "was", "visible", "in", "some", "cells", "of", "the", "epidermis", "of", "the", "cotyledon", ",", "associated", "with", "nuclei", "(", "both", "diffuse", "and", "punctate", ")", ",", "as", "well", "as", "diffuse", "within", "the", "cell", "cytoplasm", "of", "some", "cells", "in", "_", "prn1", "_", "transformed", "with", "_", "PRN1", "_", ":", ":", "PRN1-GFP", "."]	[36]	10.1371.journal.pone.0093371	1097	\N	\N	\N	\N	\N	\N	\N	\N
[30]	GeneName	0.7332986856435829	PhenoName	53	["To", "test", "whether", "_", "LOX1", "_", "exerts", "its", "effect", "on", "plant", "immunity", "at", "the", "guard", "cell", "level", ",", "we", "compared", "the", "behavior", "of", "stomata", "of", "_", "lox1", "_", "mutants", "with", "WT", "plants", "in", "response", "to", "_", "Pst", "_", "."]	[26]	10.1371.journal.pbio.1001513	861	\N	\N	\N	\N	\N	\N	\N	\N
[37]	GeneName	0.2665953672861001	PhenoName	148	["After", "cold", "treatment", ",", "the", "level", "of", "_", "WRKY34", "_", "in", "_", "agl66", "_", ",", "_", "agl65", "_", ",", "and", "_", "agl104", "_", "was", "1.2", ",", "1.9", ",", "and", "1.6", "times", ",", "respectively", ",", "that", "in", "the", "WT", "."]	[16]	10.1093.jxb.erq204	1397	\N	\N	\N	\N	\N	\N	\N	\N
[31]	GeneName	0.7334434310458054	PhenoName	37	["Thus", "the", "exact", "specificity", "is", "not", "known", ",", "but", "Chromatin", "Immuno", "Precipitation", "(", "ChIP", ")", "at", "_", "FLC", "_", "and", "other", "loci", "in", "_", "ashh2/sdg8/efs", "/", "ccr1", "_", "mutants", "compared", "to", "wt", "has", "suggested", "that", "ASHH2", "is", "a", "H3K4", "trimethyltransferase", ",", "and/or", "a", "H3K36", "di", "-", "and", "trimethyltransferase", "."]	[26]	10.1371.journal.pone.0007817	21	\N	\N	\N	\N	\N	\N	\N	\N
[49, 50]	GeneName	0.4992841353225601	PhenoName	22	["It", "is", "widely", "perceived", "that", "plants", "do", "not", "flower", "even", "under", "photo-inductive", "conditions", "until", "they", "accumulate", "enough", "sugar", "reserves", "for", "the", "induction", "of", "flowering", "-LSB-", "-", "-RSB-", ",", "which", "is", "consistent", "with", "the", "observations", "that", "low-starch-containing", "mutants", ",", "such", "as", "_", "pgm1", "_", "and", "_", "pgi", "_", ",", "exhibit", "retarded", "growth", "and", "delayed", "flowering", "-LSB-", ",", "-RSB-", "."]	[45]	10.1186.s12870-015-0503-8	655	\N	\N	\N	\N	\N	\N	\N	\N
[11]	GeneName	0.8810362502263109	PhenoName	181	["In", "contrast", ",", "the", "GFP", "signals", "were", "significantly", "decreased", "at", "the", "cotyledon", "primordia", "in", "_", "ncp1", "_", "single", "and", "_", "ncp1", "pid", "_", "double", "mutants", "."]	[21]	PGENETICS-D-15-01713	1485	\N	\N	\N	\N	\N	\N	\N	\N
[39, 40]	GeneName	0.8810110847954331	PhenoName	22	["Although", "a", "_", "yuc", "_", "single", "mutant", "in", "_", "Arabidopsis", "_", "does", "not", "show", "an", "obvious", "phenotype", ",", "the", "mutation", "of", "multiple", "_", "YUC", "_", "genes", "leads", "to", "a", "diversity", "of", "auxin-related", "phenotypes", ",", "including", "reduced", "apical", "dominance", ",", "crinkled", "leaves", ",", "simple", "venation", ",", "and", "abnormal", "flower", "development", ",", "demonstrating", "that", "YUC-modulated", "local", "auxin", "biosynthesis", "is", "critical", "for", "plant", "morphogenesis", "and", "architecture", "formation", "."]	[3]	10.1371.journal.pgen.1003759	836	\N	\N	\N	\N	\N	\N	\N	\N
[26, 27, 28]	GeneName	0.499447646280893	PhenoName	169	["Whether", "this", "applies", "to", "_", "max2", "_", "plants", "remains", "to", "be", "solved", ":", "according", "to", "Ha", "et", "al.", "2014", "-LSB-", "-RSB-", "_", "max2", "_", "mutants", "have", "increased", "stomatal", "density", "while", "Bu", "et", "al.", "2014", "-LSB-", "-RSB-", "observe", "no", "such", "difference", "."]	[5]	10.1186.s12870-015-0434-4	665	\N	\N	\N	\N	\N	\N	\N	\N
[31]	GeneName	0.2685508879556724	PhenoName	110	["To", "confirm", "that", "the", "flanking", "regions", "of", "the", "right", "borders", "of", "the", "T-DNA", "insertions", "were", "also", "restricted", "to", "the", "_", "fut4", "_", "and", "_", "fut6", "_", "genes", ",", "PCRs", "with", "T-DNA", "right", "border", "(", "RB", ")", "primers", "and", "_", "FUT4", "_", "-", "or", "_", "FUT6", "_", "-", "specific", "left", "primers", "(", "LP", ")", "were", "performed", ",", "but", "no", "amplifications", "were", "obtained", "."]	[24]	10.1093.jxb.ert321	366	\N	\N	\N	\N	\N	\N	\N	\N
[31]	GeneName	0.269066962071841	PhenoName	9	["_", "prn1", "_", "mutant", "seedlings", "grown", "for", "3", "days", "in", "continuous", "white", "light", "display", "disoriented", "hypocotyl", "growth", "compared", "to", "WT", ",", "but", "hypocotyls", "of", "dark-grown", "_", "prn1", "_", "seedlings", "appeared", "like", "WT", "."]	[26]	10.1371.journal.pone.0093371	1063	\N	\N	\N	\N	\N	\N	\N	\N
[15]	GeneName	0.5004485238555318	PhenoName	177	["These", "data", "indicate", "that", "_", "ape1", "+", "/", "zdp", "/", "_", "mutant", "is", "indeed", "maternally", "lethal", "(", "and", "."]	[5]	10.1371.journal.pgen.1004905	1136	\N	\N	\N	\N	\N	\N	\N	\N
[40]	GeneName	0.26875163005962055	PhenoName	34	["In", "line", "with", "this", "conclusion", ",", "some", "ABA-deficient", "mutants", "such", "as", "_", "nced6", "_", ",", "_", "nced3", "_", ",", "_", "nced5", "_", ",", "_", "nced9", "_", ",", "_", "aba2", "_", "and", "_", "aao3", "_", "are", "better", "able", "to", "germinate", "than", "WT", "seeds", "."]	[32]	10.1371.journal.pgen.1003577	390	\N	\N	\N	\N	\N	\N	\N	\N
[4]	GeneName	0.49953017190370713	PhenoName	131	["Moreover", ",", "when", "unstressed", "WT", "pollen", "was", "crossed", "onto", "cold-stressed", "stigmas", "of", "WT", "and", "_", "wrky34", "_", "mutant", "plants", ",", "no", "differences", "in", "seed", "set", "were", "recorded", "(", "data", "not", "shown", ")", "."]	[15]	10.1093.jxb.erq204	1386	\N	\N	\N	\N	\N	\N	\N	\N
[26]	GeneName	0.5020942724855247	PhenoName	240	["The", "seeds", "were", "sowed", "and", "seedlings", "emerging", "manifesting", "the", "anticipated", "phenotypes", "of", "the", "double", "_", "taa1", "tar2", "_", "or", "quadruple", "_", "yuc1", ",2,4,6", "_", "mutants", "(", "dwarfism", "and", "reduced", "apical", "dominance", ")", "were", "selected", "for", "further", "experimentation", "."]	[16]	10.1038.ncomms9041	1517	\N	\N	\N	\N	\N	\N	\N	\N
[13]	GeneName	0.26783571188936095	PhenoName	117	["However", ",", "_", "nhr1", "_", "roots", "were", "significantly", "longer", "than", "those", "of", "the", "wt", ",", "_", "miz1", "_", ",", "and", "_", "miz2", "_", "but", "significantly", "shorter", "than", "_", "ahr1", "_", "roots", ",", "although", "this", "no", "hydrotropic", "mutant", "could", "not", "reach", "the", "NM", "below", "."]	[28]	10.1093.jxb.ers025	1181	\N	\N	\N	\N	\N	\N	\N	\N
[12]	GeneName	0.2681326448818736	PhenoName	225	["Immunogold", "labelling", "of", "hypocotyls", "of", "_", "qua3", "_", ",", "QUA3-OE", ",", "and", "WT", "_", "Arabidopsis", "_", "seedlings", "."]	[6]	10.1093.jxb.err211	752	\N	\N	\N	\N	\N	\N	\N	\N
[45]	GeneName	0.2665946684490643	PhenoName	189	["This", "would", "explain", "the", "normal", "growth", "of", "_", "sfr3", "_", "plants", "in", "the", "warm", ",", "while", "other", "mutations", "of", "_", "ACC1", "_", "have", "been", "shown", "to", "be", "embryo", "lethal", "(", ")", "or", ",", "in", "the", "case", "of", "_", "gsd1", "_", "(", ")", ",", "to", "show", "clear", "phenotypic", "differences", "."]	[8]	10.1093.jxb.ers191	1708	\N	\N	\N	\N	\N	\N	\N	\N
[12]	GeneName	0.7329336655865832	PhenoName	171	["The", "_", "ahk1", "_", "mutants", "were", "more", "affected", "than", "those", "of", "the", "wt", "in", "the", "water", "potential", "conditions", "of", "the", "diagonal", "NMWSM", "screening", "system", "(", "data", "not", "shown", ")", "."]	[2]	10.1093.jxb.ers025	1212	\N	\N	\N	\N	\N	\N	\N	\N
[3]	GeneName	0.26789405779252023	PhenoName	100	["Therefore", ",", "a", "moderate", "dose", "of", "UV-C", "irradiation", "(", "3.6", "kJ", "m2", ")", "was", "used", "to", "investigate", "the", "role", "of", "_", "hy1", "_", "in", "UV-C", "hypersensitivity", "throughout", "this", "study", "."]	[21]	10.1093.jxb.ers078	959	\N	\N	\N	\N	\N	\N	\N	\N
[34]	GeneName	0.2665748153983329	PhenoName	155	["The", "others", "(", "_", "nad1", "_", ",", "_", "nad2", "_", ",", "_", "nad4", "_", ",", "_", "nad5", "_", "and", "_", "nad7", "_", ")", "contain", "multiple", "introns", "and", "are", "required", "for", "the", "normal", "function", "of", "mitochondrial", "complex", "I.", "Using", "the", "specific", "primer", "sets", "designed", "by", "Longevialle", "_", "et", "al", "_", "."]	[16]	10.1371.journal.pone.0112360	793	\N	\N	\N	\N	\N	\N	\N	\N
[75]	GeneName	0.26832867454004583	PhenoName	240	["Particular", "exceptions", "are", "the", "_", "wrky18", "wrky60", "_", "and", "_", "wrky40", "wrky60", "_", "double", "mutants", ":", "the", "former", "shows", "higher", "expression", "levels", "of", "both", "_", "ABI4", "_", "and", "_", "ABI5", "_", ",", "and", "the", "latter", "has", "the", "same", "levels", "of", "_", "ABI4", "_", "and", "_", "ABI5", "_", "as", "the", "_", "wrky60", "_", "ABA-hypersensitive", "mutant", ",", "but", "both", "mutants", "show", "a", "wild-type", "ABA", "response", ",", "which", ",", "however", ",", "supports", "the", "function", "of", "WRKY60", "as", "a", "central", "balancer", "of", "WRKY18", "and", "WRKY40", "."]	[5]	10.1093.jxb.ers293	1733	\N	\N	\N	\N	\N	\N	\N	\N
[36]	GeneName	0.731722722590098	PhenoName	208	["Interestingly", ",", "_", "SDG2", "_", "is", "also", "required", "for", "root", "growth", ",", "and", "the", "differences", "between", "the", "_", "sdg2", "_", "mutant", "and", "the", "Col", "Wt", "were", "similar", "to", "those", "between", "_", "atx1-1", "_", "and", "the", "Ws", "Wt", "(", ";", "."]	[18]	10.1093.jxb.eru355	1614	\N	\N	\N	\N	\N	\N	\N	\N
[26]	GeneName	0.26843862706529603	PhenoName	119	["Because", "glycerol", "was", "used", "as", "an", "osmolyte", "in", "the", "WSM", "region", "of", "both", "horizontal", "screening", "systems", "(", "NMWSM", "and", "WSMNM", ")", ",", "_", "ahr1", "_", "and", "wt", "seedlings", "were", "grown", "at", "different", "glycerol", "concentrations", "to", "evaluate", "the", "sensitivity", "of", "their", "primary", "roots", "to", "glycerol", "in", "the", "absence", "of", "a", "water", "potential", "gradient", "."]	[23]	10.1093.jxb.ers025	1182	\N	\N	\N	\N	\N	\N	\N	\N
[6]	GeneName	0.5003741204298386	PhenoName	41	["These", "lines", "were", "then", "backcrossed", "in", "WT", "and", "tested", "for", "allelism", "with", "the", "EMS", "_", "psi2", "_", "mutants", "."]	[15]	10.1371.journal.pone.0002699	1789	\N	\N	\N	\N	\N	\N	\N	\N
[12, 13]	GeneName	0.4980245526096763	PhenoName	247	["The", "double", "mutations", "of", "_", "APE1L", "_", "and", "_", "APE2", "_", "are", "embryonic", "lethal", ",", "but", "not", "paternally", "or", "maternally", "lethal", "based", "on", "our", "results", "and", "the", "segregation", "ratio", "of", "selfed", "_", "ape1l", "+", "/", "ape2", "/", "_", "reported", "previously", "."]	[35]	10.1371.journal.pgen.1004905	1138	\N	\N	\N	\N	\N	\N	\N	\N
[50]	GeneName	0.2674915645785745	PhenoName	320	["Most", "of", "the", "variation", "(", "98", "%", ")", "in", "FTIR", "spectral", "differences", "between", "cell", "wall", "extracts", "of", "_", "hlq", "_", ",", "_", "hlq", "_", "/", "+", "heterozygotes", ",", "and", "wild-type", "walls", "could", "be", "attributed", "to", "two", "PCs", ",", "with", "replicate", "_", "hlq", "_", "homozygous", "samples", "clustering", "separately", "in", "the", "lower", "left", "quadrant", "from", "_", "hlq", "/", "+", "_", "heterozygotes", ",", "and", "wild-type", "samples", "clustering", "broadly", "together", "in", "the", "other", "three", "quadrants", "."]	[18]	10.1093.jxb.eru198_2	725	\N	\N	\N	\N	\N	\N	\N	\N
[2]	GeneName	0.7308868572895888	PhenoName	142	["The", "comparatively", "mild", "underglycosylation", "defect", "present", "in", "the", "_", "alg3", "_", "null", "mutant", "(", ")", ",", "which", "was", "confirmed", "by", "partial", "restoration", "of", "complex", "_", "N", "_", "-", "glycan", "formation", "in", "the", "_", "cgl1", "_", "mutant", "(", ")", ",", "does", "not", "result", "in", "any", "detectable", "growth", "phenotype", "or", "in", "increased", "salt", "stress", "sensitivity", "(", ")", "and", "the", "_", "alg12", "_", "null", "mutant", "does", "not", "display", "any", "protein", "hypoglyocsylation", "at", "all", "."]	[58]	10.1111.j.1365-313X.2011.04688.x	911	\N	\N	\N	\N	\N	\N	\N	\N
[26]	GeneName	0.7324921857840526	PhenoName	185	["The", "enhanced", "expression", "of", "these", "genes", "in", "the", "_", "wrky34", "_", "mutants", "might", "be", "partly", "responsible", "for", "the", "lower", "decrease", "in", "pollen", "viability", "than", "in", "the", "WT", "under", "cold", "stress", "."]	[9]	10.1093.jxb.erq204	1431	\N	\N	\N	\N	\N	\N	\N	\N
[28]	GeneName	0.26843385340423515	PhenoName	78	["Using", "seeds", "subjected", "to", "one", "week", "of", "dry", "storage", ",", "the", "germination", "rate", "of", "_", "abi4", "_", "seeds", "was", "clearly", "shown", "to", "be", "significantly", "higher", "than", "that", "of", "WT", "without", "4C", "stratification", "treatment", "."]	[15]	10.1371.journal.pgen.1003577	409	\N	\N	\N	\N	\N	\N	\N	\N
[43]	GeneName	0.7328365856226333	PhenoName	104	["Interestingly", ",", "the", "effect", "of", "CFM4", "on", "seed", "germination", "and", "seedling", "growth", "of", "plants", "was", "confined", "to", "salt", "or", "cold", "stress", ",", "as", "no", "differences", "in", "seed", "germination", "and", "seedling", "growth", "were", "observed", "between", "the", "wild", "type", "and", "_", "cfm4", "_", "mutants", "under", "dehydration", "stress", "conditions", "."]	[39]	10.1186.1471-2229-14-98	818	\N	\N	\N	\N	\N	\N	\N	\N
[16, 17]	GeneName	0.11911110295286867	PhenoName	96	["Taking", "these", "results", "together", ",", "we", "suggest", "that", "the", "DET1-MSI4", "/", "FVE", "complex", "likely", "contributes", "to", "late", "flowering", "in", "SD", "by", "altering", "histone", "modification", "of", "the", "_", "FLC", "_", "locus", "in", "the", "autonomous", "pathway", "."]	[16, 17]	10.1038.srep09728	1151	\N	\N	\N	\N	\N	\N	\N	\N
[11]	GeneName	0.7316769697786805	PhenoName	88	["Finally", ",", "we", "investigated", "whether", "_", "phb", "_", "could", "suppress", "the", "short", "root", "phenotype", "of", "_", "plt1", "plt2", "_", "mutants", "."]	[16]	PGENETICS-D-13-02998	555	\N	\N	\N	\N	\N	\N	\N	\N
[68]	GeneName	0.11783314480266167	PhenoName	91	["When", "wild", "type", "and", "_", "abcc3", "_", "plants", "were", "cultured", "in", "the", "presence", "of", "Cd", ",", "after", "9", "d", "BTC-5N-loaded", "protoplasts", "showed", "a", "comparable", "Cd-specific", "cytosolic", "fluorescence", "signal", "(", ",", ",", ",", "left", "panel", ")", ",", "whereas", "after", "22", "d", "the", "Cd-specific", "cytosolic", "signal", "decreased", "in", "wild", "type", "protoplasts", "but", "significantly", "increased", "in", "_", "abcc3", "_", "protoplasts", "(", "_", "P", "_", "<", "0.01", ")", "(", ",", ",", ",", "left", "panel", ")", "."]	[5]	10.1093.jxb.erv185	1721	\N	\N	\N	\N	\N	\N	\N	\N
[25, 26, 27, 28, 29]	GeneName	0.881851835361108	PhenoName	160	["As", "assessed", "by", "serial", "longitudinal", "sections", "of", "the", "vegetative", "meristem", ",", "_", "hua27", "hulk2", "hulk3", "_", "mutants", "had", "a", "flattened", "shoot", "apical", "meristem", "with", "an", "abnormal", "and", "reduced", "rib", "zone", ",", "as", "opposed", "to", "the", "wild-type", "shoot", "apical", "meristem", "with", "a", "high", "central", "dome", "on", "top", "of", "an", "expanded", "rib", "zone", "comprising", "well-defined", "large", ",", "round", "and", "lightly", "stained", "cells", "(", "Figureb", ")", "."]	[14]	10.1111.tpj.12629	258	\N	\N	\N	\N	\N	\N	\N	\N
[14]	GeneName	0.26917071817745997	PhenoName	211	["Elevated", "PARP1", "level", "in", "_", "atxr5", "atxr6", "_", "plants", "indicates", "that", "these", "mutants", "experience", "chronic", "DNA", "damage", "stress", ",", "which", "can", "be", "further", "increased", "by", "bleomycin", "treatment", "."]	[6]	10.1371.journal.pgen.1004682	1467	\N	\N	\N	\N	\N	\N	\N	\N
[6]	GeneName	0.5012349243554617	PhenoName	1	["Reduced", "root", "meristem", "length", "in", "_", "tic", "_", "mutant", "is", "due", "to", "the", "repressed", "expression", "of", "_", "PIN", "_", "genes", "for", "decreased", "acropetal", "auxin", "transport", ",", "leading", "to", "low", "auxin", "accumulation", "."]	[6]	10.1093.jxb.ert374	967	\N	\N	\N	\N	\N	\N	\N	\N
[27]	GeneName	0.7328192848247682	PhenoName	147	["_", "prn1", "_", "mutants", "exhibited", "an", "average", "hypocotyl", "growth", "angle", "(", "from", "the", "horizontal", ")", "of", "56.6", "(", "+", "/", "3.55", "SEM", ")", "degrees", ",", "while", "the", "WT", "seedlings", "exhibited", "an", "average", "of", "78.0", "(", "+", "/", "2.06", "SEM", ")", "degrees", "."]	[1]	10.1371.journal.pone.0093371	1085	\N	\N	\N	\N	\N	\N	\N	\N
[6, 7, 8]	GeneName	0.4978691329736577	PhenoName	119	["All", "the", "F1", "population", "seeds", "were", "insensitive", "to", "ABA", "(", "Table", ")", ",", "thus", "confirming", "that", "the", "_", "trin1", "_", "mutant", "was", "indeed", "allelic", "to", "_", "abi4", "_", "."]	[26]	10.3389.fpls.2015.00861	1290	\N	\N	\N	\N	\N	\N	\N	\N
[13]	GeneName	0.27007689937643764	PhenoName	352	["Analysis", "of", "Arabidopsis", "glucose", "insensitive", "mutants", ",", "gin5", "and", "gin6", ",", "reveals", "a", "central", "role", "of", "the", "plant", "hormone", "ABA", "in", "the", "regulation", "of", "plant", "vegetative", "development", "by", "sugar", "."]	[9]	10.1371.journal.pgen.1003577	493	\N	\N	\N	\N	\N	\N	\N	\N
[22]	GeneName	0.8822901924265557	PhenoName	289	["Analysis", "of", "combinatorial", "loss-of-function", "mutants", "in", "the", "_", "Arabidopsis", "_", "ethylene", "receptors", "reveals", "that", "the", "_", "ers1", "etr1", "_", "double", "mutant", "has", "severe", "developmental", "defects", "that", "are", "EIN2", "dependent", "."]	[17]	10.1093.jxb.erp209	1286	\N	\N	\N	\N	\N	\N	\N	\N
[53]	GeneName	0.7327733409488195	PhenoName	160	["As", "assessed", "by", "serial", "longitudinal", "sections", "of", "the", "vegetative", "meristem", ",", "_", "hua27", "hulk2", "hulk3", "_", "mutants", "had", "a", "flattened", "shoot", "apical", "meristem", "with", "an", "abnormal", "and", "reduced", "rib", "zone", ",", "as", "opposed", "to", "the", "wild-type", "shoot", "apical", "meristem", "with", "a", "high", "central", "dome", "on", "top", "of", "an", "expanded", "rib", "zone", "comprising", "well-defined", "large", ",", "round", "and", "lightly", "stained", "cells", "(", "Figureb", ")", "."]	[14]	10.1111.tpj.12629	261	\N	\N	\N	\N	\N	\N	\N	\N
[33, 34]	GeneName	0.7317670762970048	PhenoName	113	["However", ",", "the", "_", "apum23", "rev", "_", "double", "mutant", "had", "pin-shaped", "outgrowths", "in", "the", "centre", "of", "the", "rosette", "that", "arose", "after", "the", "emergence", "of", "several", "_", "apum23", "_", "-", "like", ",", "but", "more", "elongated", "leaves", "."]	[4]	10.1093.jxb.ert478	347	\N	\N	\N	\N	\N	\N	\N	\N
[52, 53, 54]	GeneName	0.7307553360548653	PhenoName	190	["A", "role", "of", "_", "AtGH9C1", "_", "expression", "in", "root", "hair", "development", "was", "further", "supported", "by", "published", "microarray", "experiments", "that", "included", "the", "concomitant", "response", "of", "_", "AtGH9C1", "_", "expression", "to", "treatments", "that", ",", "a", ")", "increased", "root", "hair", "length", "(", "P", "and", "Fe", "deficiency", ")", ";", "or", "b", ")", "mutants", "with", "short", "or", "defective", "root", "hairs", "(", "_", "rhd2", ",", "rsl4", "_", ")", "."]	[57]	10.1371.journal.pone.0049363	114	\N	\N	\N	\N	\N	\N	\N	\N
[24]	GeneName	0.26842324625889596	PhenoName	196	["If", "_", "sfr3", "_", "is", "simply", "a", "weaker", "mutant", "allele", "of", "_", "ACC1", "_", "than", "_", "gsd1", "_", ",", "one", "might", "expect", "a", "less", "severe", "phenotype", "than", "is", "present", "with", "_", "gsd1", "_", "unless", "the", "increased", "malonyl-CoA", "demand", "in", "the", "cold", "is", "substantial", "."]	[2]	10.1093.jxb.ers191	1715	\N	\N	\N	\N	\N	\N	\N	\N
[27]	GeneName	0.49999043991250247	PhenoName	164	["In", "_", "as1", "_", "mutant", "flowers", ",", "the", "sepal", "and", "petal", "abscission", "zones", "are", "displaced", "distally", ",", "detachment", "of", "the", "medial", "sepals", "is", "significantly", "delayed", ",", "and", "proximal", "domains", "within", "the", "medial", "sepals", "show", "an", "altered", "identity", "."]	[2]	10.1186.s12870-014-0195-5	1781	\N	\N	\N	\N	\N	\N	\N	\N
[13, 14]	GeneName	0.8816224030521956	PhenoName	94	["When", "inoculated", "with", "the", "virulent", "bacterial", "pathogen", ",", "_", "lip5", "_", "mutants", "developed", "severe", "chlorosis", "based", "on", "both", "visual", "appearance", "(", ")", "and", "chlorophyll", "levels", "(", "see", ")", "as", "observed", "in", "the", "_", "sid2", "_", "and", "_", "npr1", "_", "mutants", ",", "while", "wild-type", "plants", "displayed", "only", "very", "mild", "disease", "symptoms", "at", "34", "days", "post", "inoculation", "(", "dpi", ")", "."]	[9]	10.1371.journal.ppat.1004243	144	\N	\N	\N	\N	\N	\N	\N	\N
[50, 51, 52]	GeneName	0.7313822435790011	PhenoName	246	["The", "results", "showed", "that", "neither", "the", "_", "myb33", "myb97", "myb101", "myb120", "_", "nor", "the", "_", "myb65", "myb97", "myb101", "myb120", "_", "quadruple", "mutant", "exhibited", "a", "more", "severe", "phenotype", "than", "the", "triple", "mutant", "(", ";", ")", ",", "indicating", "that", "neither", "_", "MYB33", "_", "nor", "_", "MYB65", "_", "has", "a", "significant", "impact", "on", "pollen", "tube", "reception", "."]	[17]	10.1371.journal.pgen.1003933	644	\N	\N	\N	\N	\N	\N	\N	\N
[33]	GeneName	0.267942512687033	PhenoName	51	["Further", ",", "plants", "bearing", "_", "hua1", "hua2", "_", "and", "_", "hen2", "_", "or", "_", "hen4", "_", "alleles", "were", "found", "to", "have", "elevated", "levels", "of", "aberrant", "_", "AG", "_", "transcripts", "that", "terminate", "within", "the", "large", "second", "intron", ",", "consistent", "with", "floral", "phenotypes", "associated", "with", "reduced", "_", "AG", "_", "activity", "(", "Cheng", "_", "etal", "_", "."]	[10]	10.1111.tpj.12629	228	\N	\N	\N	\N	\N	\N	\N	\N
[15]	GeneName	0.26889024039207976	PhenoName	150	["We", "found", "that", "the", "_", "prn1", "_", "shoot", "growth", "angle", "was", "significantly", "different", "than", "the", "WT", "angle", "(", "Mann-Whitney", "test", ";", "p", "<", "0.001", ")", "."]	[5]	10.1371.journal.pone.0093371	1090	\N	\N	\N	\N	\N	\N	\N	\N
[10, 11]	GeneName	0.8813729583173073	PhenoName	219	["The", "_", "hlq", "_", "mutant", "was", "previously", "mapped", "to", "the", "short", "arm", "of", "chromosome", "3", ",", "~", "6.6", "cM", "south", "of", "the", "SSLP", "marker", "_", "nga162", "_", "."]	[2]	10.1093.jxb.eru198_2	714	\N	\N	\N	\N	\N	\N	\N	\N
[12]	GeneName	0.49834779522253503	PhenoName	175	["Other", "mutants", "with", "altered", "silique", "or", "branch", "architecture", ",", "such", "as", "_", "plethora", "_", "(", "_", "plt", "_", ")", "in", "_", "Arabidopsis", "_", "and", "_", "lazy1", "_", "(", "_", "la1", "_", ")", "in", "rice", ",", "also", "show", "altered", "auxin", "accumulation", "or", "transport", "within", "their", "organs", "."]	[25]	10.1371.journal.pgen.1003759	841	\N	\N	\N	\N	\N	\N	\N	\N
[52]	GeneName	0.26845441068589737	PhenoName	79	["Unlike", "_", "cvy1", "_", "mutants", ",", "_", "arp2/3", "_", "mutants", "(", "_", "arpc2", "_", "rosette", "leaves", "=", "181.3", ",", "n", "=", "14", "and", "_", "arpc4", "_", "rosette", "leaves", "=", "221.5", ",", "n", "=", "12", ",", "at", "bolting", "time", ")", "showed", "a", "significantly", "(", "P", "<", "0.05", ")", "delayed", "flowering", "phenotype", "compared", "to", "WT", "and", "_", "cvy1", "_", "mutant", "(", "FigureA", ")", ",", "suggesting", "that", "CURVY1", "might", "regulate", "growth", "development", "through", "distinct", "signal", "transduction", "cascades", "to", "control", "transition", "from", "vegetative", "to", "reproductive", "stage", "."]	[24]	10.1186.s12870-014-0221-7	281	\N	\N	\N	\N	\N	\N	\N	\N
[3, 4]	GeneName	0.49900674761127256	PhenoName	275	["_", "Drosophila", "_", "retinal", "degeneration", "C", "(", "rdgC", ")", "encodes", "a", "novel", "serine/threonine", "protein", "phosphatase", "."]	[12, 13, 14]	10.1371.journal.pone.0002699	1798	\N	\N	\N	\N	\N	\N	\N	\N
[55]	GeneName	0.2691205118198517	PhenoName	233	["We", "found", "that", "_", "OE-ABI4", "_", "was", "sensitive", "to", "PAC", "and", "_", "abi4", "_", "was", "resistant", ",", "while", "exogenous", "GA", "rescued", "the", "delayed", "germination", "phenotype", "of", "_", "OE-ABI4", "_", "(", ",", ")", ",", "and", "further", ",", "the", "GA", "measurements", "result", "showed", "that", "_", "abi4", "_", "seeds", "indeed", "contain", "higher", "levels", "of", "active", "GA4", "than", "the", "WT", "."]	[43]	10.1371.journal.pgen.1003577	482	\N	\N	\N	\N	\N	\N	\N	\N
[57]	GeneName	0.26668611874347153	PhenoName	164	["For", "example", ",", "the", "narrow", ",", "epinastic", "leaves", "in", "the", "plants", "overexpressing", "_", "IDD", "_", "are", "similar", "to", "those", "in", "auxin", "overproduction", "mutants", "or", "transgenic", "plants", ",", "such", "as", "_", "yucca", "_", "(", "_", "yuc1D", "_", ")", ",", "_", "yucca6-1D", "_", ",", "and", "_", "p35S", ":", ":", "YUC_s", "transgenic", "plants", ",", ",", ",", "whereas", "the", "rotund", "and", "curly", "rosette", "leaves", "and", "abnormal", "floral", "phenotype", "in", "the", "loss-of-function", "_", "idd", "_", "mutants", "are", "similar", "to", "those", "observed", "in", "the", "mutants", "defective", "in", "auxin", "biosynthesis", "or", "transport", "."]	[30]	10.1371.journal.pgen.1003759	840	\N	\N	\N	\N	\N	\N	\N	\N
[2]	GeneName	0.26831237540240443	PhenoName	195	["Resistance", "to", "progressive", "drought", "stress", "was", "carried", "out", "in", "the", "same", "5050", "(", "v/v", ")", "mixture", "of", "compost", "and", "sand", "used", "for", "thermal", "imaging", "in", "67", "cm3", "baskets", "with", "a", "0.5", "cm", "layer", "of", "vermiculite", "at", "the", "bottom", ";", "pots", "were", "adjusted", "to", "contain", "the", "same", "weight", "of", "growth", "medium", "."]	[26]	10.1371.journal.pone.0020243	1357	\N	\N	\N	\N	\N	\N	\N	\N
[19, 20, 21, 22]	GeneName	0.8817698287089519	PhenoName	160	["As", "assessed", "by", "serial", "longitudinal", "sections", "of", "the", "vegetative", "meristem", ",", "_", "hua27", "hulk2", "hulk3", "_", "mutants", "had", "a", "flattened", "shoot", "apical", "meristem", "with", "an", "abnormal", "and", "reduced", "rib", "zone", ",", "as", "opposed", "to", "the", "wild-type", "shoot", "apical", "meristem", "with", "a", "high", "central", "dome", "on", "top", "of", "an", "expanded", "rib", "zone", "comprising", "well-defined", "large", ",", "round", "and", "lightly", "stained", "cells", "(", "Figureb", ")", "."]	[13]	10.1111.tpj.12629	255	\N	\N	\N	\N	\N	\N	\N	\N
[47]	GeneName	0.7324146546399556	PhenoName	94	["When", "inoculated", "with", "the", "virulent", "bacterial", "pathogen", ",", "_", "lip5", "_", "mutants", "developed", "severe", "chlorosis", "based", "on", "both", "visual", "appearance", "(", ")", "and", "chlorophyll", "levels", "(", "see", ")", "as", "observed", "in", "the", "_", "sid2", "_", "and", "_", "npr1", "_", "mutants", ",", "while", "wild-type", "plants", "displayed", "only", "very", "mild", "disease", "symptoms", "at", "34", "days", "post", "inoculation", "(", "dpi", ")", "."]	[9]	10.1371.journal.ppat.1004243	145	\N	\N	\N	\N	\N	\N	\N	\N
[8, 9]	GeneName	0.732346910160797	PhenoName	271	["Arabidopsis", "_", "lox3", "lox4", "_", "double", "mutants", "are", "male", "sterile", "and", "defective", "in", "global", "proliferative", "arrest", "."]	[2]	10.1371.journal.pbio.1001513	870	\N	\N	\N	\N	\N	\N	\N	\N
[2]	GeneName	0.7309232270666784	PhenoName	153	["In", "untreated", "WT", "and", "_", "wrky34", "_", "mutant", "plants", ",", "the", "levels", "of", "MIKC", "*", "transcripts", "showed", "no", "significant", "difference", "between", "the", "WT", "and", "_", "wrky34", "_", "mutants", "."]	[25]	10.1093.jxb.erq204	1407	\N	\N	\N	\N	\N	\N	\N	\N
[32]	GeneName	0.7331709385957824	PhenoName	26	["4", ")", "Also", "with", "respect", "to", "the", "above", ",", "can", "PIN3", "expressed", "under", "PIN1", "promoter", "rescue", "the", "_", "pin1", "_", "mutant", ",", "and", "if", "so", ",", "what", "about", "the", "PIN3", "S4A", "S5A", "variant", "?"]	[18]	10.7554.eLife.02860.034	1129	\N	\N	\N	\N	\N	\N	\N	\N
[99]	GeneName	0.26913070164454655	PhenoName	147	["The", "idea", "that", "_", "rfc1-2", "_", "/", "affected", "Type", "I", "CO", "formation", ",", "but", "not", "Type", "II", "is", "supported", "by", "several", "lines", "of", "evidence", ":", "(", "1", ")", "_", "rfc1-2", "_", "/", "has", "reduced", "bivalent", "formation", ",", "similar", "to", "_", "msh4", "_", "/", "and", "_", "ptd", "_", "/", ",", "but", "more", "severe", "than", "_", "mus81", "_", "/", ";", "(", "2", ")", "_", "rfc1-2", "_", "/", "double", "mutants", "with", "_", "msh4", "_", "/", "or", "_", "ptd", "_", "/", "are", "more", "similar", "to", "_", "rfc1-2", "_", "/", "single", "mutants", ",", "but", "_", "rfc1-2", "_", "/", "_", "mus81", "_", "/", "is", "more", "severe", "than", "either", "_", "rfc1-2", "_", "/", "or", "_", "mus81", "_", "/", ";", "(", "3", ")", "COs", "in", "_", "rfc1-2", "_", "/", "showed", "no", "interference", "."]	[108]	10.1371.journal.pgen.1003039	681	\N	\N	\N	\N	\N	\N	\N	\N
[26]	GeneName	0.2679997404412677	PhenoName	136	["Furthermore", ",", "because", "that", "ABA", "is", "involved", "in", "the", "suppression", "of", "GA", "biosynthesis", "during", "seed", "germination", ",", "and", "the", "ABA", "measurements", "between", "_", "abi4", "_", "and", "WT", "seeds", "also", "supported", "this", "speculation", "."]	[23]	10.1371.journal.pgen.1003577	450	\N	\N	\N	\N	\N	\N	\N	\N
[15]	GeneName	0.5031280135564558	PhenoName	58	["Although", "the", "_", "stn1", "(", "C", ")", "_", "mutants", "in", "a", "pure", "Col-0", "background", "exhibit", "profound", "developmental", "defects", "already", "in", "G1", ",", "as", "in", "the", "case", "of", "_", "stn1", "(", "W/C", ")", "_", "plants", ",", "these", "defects", "worsened", "in", "G2", "and", "G3", "generations", "(", "and", "."]	[3]	10.1371.journal.pgen.1004682	1438	\N	\N	\N	\N	\N	\N	\N	\N
[50]	GeneName	0.7320365361453164	PhenoName	40	["The", "proposed", "loss", "of", "PIN", "phosphorylation", "in", "the", "_", "pid", "_", "mutant", "has", "been", "used", "to", "explain", "the", "phenotypic", "similarity", "between", "_", "pin1", "_", "and", "_", "pid", "_", "mutants", ":", "_", "pin1", "_", "mutants", ",", "on", "the", "one", "side", ",", "have", "a", "pin-formed", "inflorescence", "because", "they", "are", "devoid", "of", "the", "central", "auxin", "efflux", "protein", "required", "for", "shoot", "meristem", "differentiation", "(", ")", ";", "_", "pid", "_", "mutants", ",", "on", "the", "other", "side", ",", "are", "deficient", "in", "PIN1", "phosphorylation", ",", "which", "seemingly", "prevents", "the", "essential", "basal-to-apical", "polarity", "switch", "required", "to", "redirect", "auxin", "fluxes", "during", "differentiation", "at", "the", "shoot", "meristem", "."]	[9]	10.7554.eLife.02860	1659	\N	\N	\N	\N	\N	\N	\N	\N
[4]	GeneName	0.26784393072314033	PhenoName	122	["The", "root", "length", "of", "wt", "seedlings", "was", "reduced", ">", "60", "%", "at", "50", "mM", "and", "163", "mM", "glycerol", ",", "and", "by", ">", "75", "%", "at", "217", "mM", "glycerol", ",", "whereas", "that", "of", "_", "ahr1", "_", "was", "reduced", "by", "40", "%", "at", "50", "mM", "and", "163", "mM", "glycerol", "and", "by", ">", "60", "%", "at", "217", "mM", "glycerol", "."]	[33]	10.1093.jxb.ers025	1185	\N	\N	\N	\N	\N	\N	\N	\N
[9]	GeneName	0.5011619658954625	PhenoName	15	["The", "_", "myb97", "myb101", "myb120", "_", "triple", "mutation", "caused", "overgrowth", "of", "the", "pollen", "tube", "into", "the", "embryo", "sac", "and", "disrupted", "sperm", "cell", "discharge", ",", "leading", "to", "failed", "fertilization", "."]	[4]	10.1371.journal.pgen.1003933	613	\N	\N	\N	\N	\N	\N	\N	\N
[15]	GeneName	0.7332420493950675	PhenoName	228	["Expression", "levels", "of", "target", "genes", "in", "the", "_", "ashh2", "_", "mutant", "were", "calculated", "relative", "to", "wt", "levels", "with", "normalization", "to", "_", "ACTIN2", "_", ",", "using", "the", "formula", "RE", "=", "EtargetCPtarget", "(", "wt", "-", "_", "ashh2", "_", ")", "-RSB-", "/", "Eactin", "-LSB-", "(", "CPactin", "(", "wt", "_", "ashh2", "_", ")", "-RSB-", ",", "where", "target", "represents", "the", "target", "gene", "analyzed", "."]	[8]	10.1371.journal.pone.0007817	35	\N	\N	\N	\N	\N	\N	\N	\N
[37]	GeneName	0.2672739357167549	PhenoName	161	["The", "double", "or", "higher", "orders", "of", "mutant", "combinations", "between", "_", "ncp1", "_", "and", "_", "wag1", "wag2", "pid2", "_", "did", "not", "show", "obvious", "phenotypic", "enhancement", ",", "suggesting", "that", "_", "PID", "_", "played", "a", "more", "predominant", "role", "in", "regulating", "cotyledon", "development", "than", "_", "WAG1", "_", ",", "_", "WAG2", "_", ",", "_", "and", "PID2", "_", "."]	[15]	PGENETICS-D-15-01713	1482	\N	\N	\N	\N	\N	\N	\N	\N
[5]	GeneName	0.4990044283597861	PhenoName	230	["This", "was", "replaced", "by", "a", "diffuse", "band", ",", "~", "300", "nucleotides", "larger", "(", ")", ",", "which", "is", "consistent", "with", "the", "prediction", "that", "the", "mutation", "disrupts", "splicing", "of", "the", "300", "nucleotide", "intron", "7", "in", "_", "At3g20780", "_", "pre-mRNA", "and", "that", "the", "_", "hlq", "_", "mutation", "is", "a", "null", "allele", "."]	[41]	10.1093.jxb.eru198_2	717	\N	\N	\N	\N	\N	\N	\N	\N
[31]	GeneName	0.26952242326190023	PhenoName	351	["Moreover", ",", "an", "_", "Arabidopsis", "_", "calcium-dependent", "binding", "protein", "_", "AtCLB", "_", "gene", "overexpression", "line", "exhibited", "reduced", "root", "gravitropism", ",", "but", "a", "T-DNA", "insertion", "mutant", "exhibited", "greater", "root", "gravitropism", "than", "the", "WT", "."]	[16, 17, 18]	10.1093.jxb.ert241	915	\N	\N	\N	\N	\N	\N	\N	\N
[50]	GeneName	0.26985820880957934	PhenoName	40	["The", "proposed", "loss", "of", "PIN", "phosphorylation", "in", "the", "_", "pid", "_", "mutant", "has", "been", "used", "to", "explain", "the", "phenotypic", "similarity", "between", "_", "pin1", "_", "and", "_", "pid", "_", "mutants", ":", "_", "pin1", "_", "mutants", ",", "on", "the", "one", "side", ",", "have", "a", "pin-formed", "inflorescence", "because", "they", "are", "devoid", "of", "the", "central", "auxin", "efflux", "protein", "required", "for", "shoot", "meristem", "differentiation", "(", ")", ";", "_", "pid", "_", "mutants", ",", "on", "the", "other", "side", ",", "are", "deficient", "in", "PIN1", "phosphorylation", ",", "which", "seemingly", "prevents", "the", "essential", "basal-to-apical", "polarity", "switch", "required", "to", "redirect", "auxin", "fluxes", "during", "differentiation", "at", "the", "shoot", "meristem", "."]	[22]	10.7554.eLife.02860	1660	\N	\N	\N	\N	\N	\N	\N	\N
[7]	GeneName	0.26844293857400237	PhenoName	130	["For", "this", ",", "_", "ahr1", "_", "and", "wt", "seeds", "were", "plated", "diagonally", "in", "the", "upper", "section", "of", "the", "horizontal", "WSMNM", "screening", "system", "."]	[4]	10.1093.jxb.ers025	1187	\N	\N	\N	\N	\N	\N	\N	\N
[59]	GeneName	0.2691712349551955	PhenoName	112	["Due", "to", "the", "severity", "of", "the", "_", "atku80", "_", "and", "_", "atku80", "atrad21", ".1", "_", "mutant", "phenotypes", "it", "is", "not", "possible", "to", "determine", "if", "the", "DNA", "damage", "hypersensitivity", "phenotype", "observed", "in", "the", "_", "atku80", "atrad21", ".1", "_", "double", "mutant", "is", "identical", "to", "that", "of", "the", "_", "atku80", "_", ",", "or", "if", "it", "is", "cumulative", ",", "yet", "masked", "by", "the", "severity", "of", "the", "_", "atku80", "_", "phenotype", "."]	[63]	10.1186.s12870-014-0353-9	83	\N	\N	\N	\N	\N	\N	\N	\N
[27]	GeneName	0.26805403853512755	PhenoName	152	["This", "might", "explain", "why", "_", "WRKY34", "_", "expression", "in", "_", "agl66", "_", ",", "_", "agl65", "_", ",", "and", "_", "agl104", "_", "showed", "no", "obvious", "difference", "from", "the", "WT", "without", "cold", "treatment", "."]	[19]	10.1093.jxb.erq204	1404	\N	\N	\N	\N	\N	\N	\N	\N
[22]	GeneName	0.26858909819893073	PhenoName	164	["In", "addition", ",", "no", "obvious", "phenotypic", "change", "was", "observed", "in", "either", "the", "QUA3-OE", "or", "_", "qua3", "_", "seedlings", "as", "compared", "with", "the", "WT", "in", "terms", "of", "cell", "adhesion", "in", "the", "hypocotyls", ",", "the", "appearance", "of", "various", "organs", "using", "scanning", "EM", ",", "or", "in", "the", "length", "of", "the", "hypocotyls", "grown", "in", "the", "dark", "without", "sucrose", "supplementation", "(", "data", "not", "show", ")", "."]	[15]	10.1093.jxb.err211	751	\N	\N	\N	\N	\N	\N	\N	\N
[29]	GeneName	0.26845424060220185	PhenoName	417	["Sanger", "sequencing", "results", "on", "both", "strands", "of", "independent", "amplicons", "spanning", "the", "_", "hlq", "_", "point", "mutation", "at", "chr3", ":", "7267232", ",", "confirming", "the", "Illumina", "whole-genome", "re-sequencing", "result", "of", "GA", "transition", "."]	[17]	10.1093.jxb.eru198_2	742	\N	\N	\N	\N	\N	\N	\N	\N
[17]	GeneName	0.2673157979578901	PhenoName	176	["Little", "difference", "was", "observed", "between", "_", "sfr3", "_", "and", "wild-type", "plants", "grown", "in", "the", "warm", ",", "but", "clear", "differences", "were", "present", "after", "transfer", "to", "(", "and", "further", "growth", "in", ")", "the", "cold", "."]	[6]	10.1093.jxb.ers191	1704	\N	\N	\N	\N	\N	\N	\N	\N
[5, 6]	GeneName	0.11904969421993827	PhenoName	136	["Indeed", ",", "_", "fry1", "_", "late", "flowering", ",", "short", "petioles", "and", "hypocotyl", "hypersensitivity", "to", "red", "light", "phenotypes", "are", "largely", "mimicked", "by", "the", "_", "xrn2", "xrn3", "_", "double", "mutant", "."]	[5, 6]	10.1371.journal.pone.0016724	127	\N	\N	\N	\N	\N	\N	\N	\N
[18]	GeneName	0.500350448401775	PhenoName	8	["_", "prn1", "_", "mutant", "seedlings", "survived", "a", "dose", "of", "high-energy", "UV", "(", "254", "nm", ")", "radiation", "that", "killed", "WT", "seedlings", "."]	[1]	10.1371.journal.pone.0093371	1059	\N	\N	\N	\N	\N	\N	\N	\N
[7, 8]	GeneName	0.4981876355741264	PhenoName	232	["This", "predication", "is", "likely", "supported", "by", "the", "short", "hypocotyl", "phenotype", "of", "the", "_", "etr2-2", "saur76", "_", "compared", "to", "the", "_", "etr2-2", "_", "after", "ethylene", "(", "1", "and", "10", "ppm", ")", "treatment", "."]	[14]	10.1038.srep12477	1694	\N	\N	\N	\N	\N	\N	\N	\N
[19]	GeneName	0.2680983954039754	PhenoName	95	["The", "segregation", "ratio", "of", "F2", "seedlings", "after", "the", "fourth", "backcross", "of", "_", "ahr1", "_", "with", "the", "wt", "(", "83", "wt", ":206", "intermediate", "root", ":96", "altered", "hydrotropic", "response", ")", "indicated", "that", "the", "inheritance", "pattern", "occurred", "from", "segregation", "of", "a", "single", "semi-dominant", "gene", "with", "a", "1:2:1", "segregation", "(", "2", "=", "0.323", "<", "2", "0.05", "(", "1", ")", "=", "3.841", ")", "."]	[12]	10.1093.jxb.ers025	1166	\N	\N	\N	\N	\N	\N	\N	\N
[9]	GeneName	0.2696790847058858	PhenoName	226	["A", "viable", "_", "Arabidopsis", "pex13", "_", "missense", "allele", "confers", "severe", "peroxisomal", "defects", "and", "decreases", "PEX5", "association", "with", "peroxisomes", "."]	[4]	PONE-D-15-46773	332	\N	\N	\N	\N	\N	\N	\N	\N
[25, 26]	GeneName	0.8817172624226006	PhenoName	80	["However", ",", "the", "functional", "role", "of", "DCP1", "in", "the", "recruitment", "of", "SPI", "to", "P-bodies", "could", "not", "be", "analyzed", ",", "as", "_", "dcp1", "_", "mutants", "are", "embryonic", "lethal", "-LSB-", "-RSB-", "."]	[21]	PBIOLOGY-D-14-01698	1756	\N	\N	\N	\N	\N	\N	\N	\N
[1]	GeneName	0.2685285692543968	PhenoName	209	["The", "overgrowth", "of", "the", "triple-mutant", "pollen", "tubes", "also", "occurred", "in", "a", "cross", "of", "wild", "type", "plants", "with", "the", "_", "myb97", "myb101", "myb120", "_", "triple", "mutant", "pollen", "grains", ",", "as", "expected", "."]	[19]	10.1371.journal.pgen.1003933	626	\N	\N	\N	\N	\N	\N	\N	\N
[17, 18]	GeneName	0.11908329339184472	PhenoName	62	["_", "FT", "_", "and", "_", "SOC1/AGL20", "_", "were", "downregulated", "in", "_", "rug1", "_", ",", "consistent", "with", "the", "late", "flowering", "phenotype", "and", "_", "FLC", "_", "overexpression", "detected", "in", "this", "mutant", "."]	[17, 18]	10.1371.journal.pone.0053378	175	\N	\N	\N	\N	\N	\N	\N	\N
[21]	GeneName	0.8813712179783479	PhenoName	189	["The", "leaves", "of", "the", "_", "sg1", "gun1", "_", "double", "mutant", "were", "of", "a", "similar", "green", "colour", "to", "the", "leaves", "of", "the", "WT", "plants", "."]	[6]	10.1093.jxb.ert463	1571	\N	\N	\N	\N	\N	\N	\N	\N
[18]	GeneName	0.26860518677616474	PhenoName	100	["_", "gnomR5", "_", ",", "one", "of", "the", "weak", "_", "gnom", "_", "alleles", ",", "has", "a", "pleiotropic", "phenotype", "including", "dwarf", "shoots", ",", "agravitropic", "roots", ",", "arrested", "root", "meristematic", "activity", "and", "defects", "in", "LR", "primordium", "initiation", "and", "development", "."]	[9]	pct018	700	\N	\N	\N	\N	\N	\N	\N	\N
[7]	GeneName	0.11891617216039697	PhenoName	129	["The", "seed", "number", "was", "severely", "reduced", "in", "WT", "plants", ",", "but", "only", "slightly", "reduced", "in", "_", "wrky34", "_", "plants", ",", "treated", "at", "4", "C", "for", "24", "h.", "With", "48", "h", "cold", "stress", ",", "the", "average", "seed", "number", "per", "silique", "was", "25.92.9", ",", "34.82.6", ",", "and", "33.83.1", "for", "the", "WT", ",", "_", "wrky34-1", "_", "and", "_", "wrky34-2", "_", ",", "respectively", "."]	[16]	10.1093.jxb.erq204	1383	\N	\N	\N	\N	\N	\N	\N	\N
[20]	GeneName	0.11858771339975237	PhenoName	114	["As", "expected", ",", "the", "result", "showed", "that", "the", "ABA", "content", "in", "_", "abi4", "_", "was", "significantly", "lower", "than", "that", "in", "WT", "(", ")", "when", "no", "stratified", "seeds", "were", "analyzed", ",", "suggesting", "that", "ABI4", "positively", "regulates", "ABA", "biogenesis", "."]	[12]	10.1371.journal.pgen.1003577	439	\N	\N	\N	\N	\N	\N	\N	\N
[14]	GeneName	0.11912815761340993	PhenoName	96	["In", "particular", ",", "at", "8", "days", "after", "sowing", ",", "only", "a", "few", "seeds", "in", "WT", "siliques", "germinated", ",", "while", "young", "_", "abi4", "_", "seedlings", "were", "already", "established", "."]	[21]	10.1371.journal.pgen.1003577	429	\N	\N	\N	\N	\N	\N	\N	\N
[26]	GeneName	0.73162248223611	PhenoName	155	["In", "comparison", ",", "the", "_", "wrky70", "_", "mutant", "showed", "a", "somewhat", "enhanced", "senescence", "phenotype", "but", "less", "drastic", "than", "that", "of", "the", "double", "mutant", ",", "while", "no", "clear", "visual", "symptoms", "of", "premature", "senescence", "were", "evident", "in", "the", "_", "wrky54", "_", "mutant", "when", "compared", "with", "the", "wild", "type", "."]	[37]	10.1093.jxb.err450	880	\N	\N	\N	\N	\N	\N	\N	\N
[33]	GeneName	0.26891518505519635	PhenoName	47	["Another", "reaction", "was", "with", "one", "gene-specific", "primer", "(", "rev", ")", "and", "one", "T-DNA", "primer", "(", "LBa1", ".3", ")", ":", "bands", "were", "obtained", "for", "the", "homozygous", "mutants", "and", "the", "heterozygous", "lines", ",", "while", "the", "Wt", "was", "blank", "."]	[8]	10.1093.jxb.eru411	1658	\N	\N	\N	\N	\N	\N	\N	\N
[50]	GeneName	0.2689045438008753	PhenoName	154	["The", "observation", "that", "the", "phenotype", "displayed", "by", "the", "_", "fzl", "-", "_", "L_er", "_", "mutant", "partially", "recovered", "by", "high", "temperature", "or", "low", "light", "treatments", "was", "very", "similar", "to", "the", "_", "fzl", "_", "-", "Col", "phenotype", ",", "suggested", "that", "the", "_", "fzl", "-", "_", "Col", "mutant", "could", "be", "seen", "as", "the", "mild", "version", "of", "the", "typical", "LMM", "phenotype", "shown", "by", "the", "_", "fzl", "-", "_", "L_er", "_", "."]	[61]	10.1093.jxb.ert237	514	\N	\N	\N	\N	\N	\N	\N	\N
[25, 26]	GeneName	0.11908329339184472	PhenoName	111	["The", "floral", "repressor", "_", "FLC", "_", "was", "the", "gene", "showing", "the", "largest", "fold-change", "in", "_", "rug1", "_", ",", "consistent", "with", "our", "qRT-PCR", "results", "and", "the", "late", "flowering", "phenotype", "of", "the", "mutant", "."]	[25, 26]	10.1371.journal.pone.0053378	192	\N	\N	\N	\N	\N	\N	\N	\N
[53]	GeneName	0.26946238759928276	PhenoName	160	["As", "assessed", "by", "serial", "longitudinal", "sections", "of", "the", "vegetative", "meristem", ",", "_", "hua27", "hulk2", "hulk3", "_", "mutants", "had", "a", "flattened", "shoot", "apical", "meristem", "with", "an", "abnormal", "and", "reduced", "rib", "zone", ",", "as", "opposed", "to", "the", "wild-type", "shoot", "apical", "meristem", "with", "a", "high", "central", "dome", "on", "top", "of", "an", "expanded", "rib", "zone", "comprising", "well-defined", "large", ",", "round", "and", "lightly", "stained", "cells", "(", "Figureb", ")", "."]	[49]	10.1111.tpj.12629	269	\N	\N	\N	\N	\N	\N	\N	\N
[29]	GeneName	0.49911582546297195	PhenoName	417	["Sanger", "sequencing", "results", "on", "both", "strands", "of", "independent", "amplicons", "spanning", "the", "_", "hlq", "_", "point", "mutation", "at", "chr3", ":", "7267232", ",", "confirming", "the", "Illumina", "whole-genome", "re-sequencing", "result", "of", "GA", "transition", "."]	[12]	10.1093.jxb.eru198_2	741	\N	\N	\N	\N	\N	\N	\N	\N
[27]	GeneName	0.26673691988322396	PhenoName	161	["A", "photoperiod", "effect", "on", "the", "extent", "of", "the", "lesions", "in", "tetrapyrrole", "mutants", "has", "also", "been", "described", "for", "the", "Arabidopsis", "_", "lin2", "_", "mutant", ",", "which", "exhibits", "more", "severe", "lesions", "under", "long", "day", "than", "under", "short", "day", "conditions", "and", "the", "_", "tigrina", "_", "(", "_", "tig", "_", ")", "mutant", "of", "barley", ",", "which", "accumulates", "the", "photosensitizer", "protochlorophyllide", "and", "shows", "sensitivity", "to", "dark/light", "cycles", "as", "do", "_", "rug1", "_", "and", "_", "cf1", "_", "."]	[65]	10.1371.journal.pone.0053378	206	\N	\N	\N	\N	\N	\N	\N	\N
[13, 14]	GeneName	0.7300291915934484	PhenoName	81	["In", "concert", "with", "the", "results", "from", "the", "porometer", "measurement", ",", "the", "percentual", "fresh", "weight", "loss", "of", "_", "max2", "_", "plants", "was", "significantly", "larger", "than", "that", "of", "wild-type", "plants", "(", "FigureB", ")", ",", "which", "further", "indicates", "a", "role", "for", "MAX2", "in", "stomatal", "regulation", "."]	[17]	10.1186.s12870-015-0434-4	660	\N	\N	\N	\N	\N	\N	\N	\N
[24]	GeneName	0.5005859423816523	PhenoName	52	["The", "two", "_", "lox1", "_", "mutant", "lines", "displayed", "more", "than", "10-fold", "enhanced", "growth", "of", "_", "Pst", "_", "DC3000", "as", "compared", "to", "the", "complemented", "and", "WT", "lines", ",", "suggesting", "that", "_", "LOX1", "_", "participates", "in", "the", "control", "of", "bacterial", "leaf", "colonization", "."]	[3]	10.1371.journal.pbio.1001513	860	\N	\N	\N	\N	\N	\N	\N	\N
[14]	GeneName	0.26940436493347875	PhenoName	200	["The", "fact", "that", "linoleic", "acid", "(", "182", ")", "and", "9-KODE", "were", "as", "active", "on", "WT", "as", "on", "_", "mpk3", "_", "or", "_", "mpk6", "_", "mutants", "suggests", "that", "LOX1-mediated", "synthesis", "of", "oxylipins", "is", "downstream", "of", "MPK3/6", ",", "although", "it", "can", "not", "be", "ruled", "out", "that", "these", "two", "steps", "are", "independent", "."]	[18]	10.1371.journal.pbio.1001513	868	\N	\N	\N	\N	\N	\N	\N	\N
[8]	GeneName	0.7315221868982431	PhenoName	340	["Consequently", ",", "relatively", "low", "tension", "during", "anther", "wall", "dehydration", "leads", "to", "indehiscent", "anthers", "in", "_", "irx8", "_", "mutants", "."]	[15]	10.3389.fpls.2014.00357	1023	\N	\N	\N	\N	\N	\N	\N	\N
[10]	GeneName	0.26833518153791314	PhenoName	212	["The", "hypocotyls", "of", "wild-type", "plants", "grown", "on", "tunicamycin", "were", "also", "short", "and", "radially", "swollen", ",", "with", "abnormally", "bulged", "epidermal", "cells", "(", ")", "similar", "to", "those", "observed", "(", ")", "for", "untreated", "_", "hlq", "_", "seedlings", "."]	[31]	10.1093.jxb.eru198_2	711	\N	\N	\N	\N	\N	\N	\N	\N
[10]	GeneName	0.2683182720326588	PhenoName	95	["The", "initial", "rosette", "leaves", "of", "_", "sg1", "_", "were", "completely", "albino", ",", "but", "gradually", "became", "green", "."]	[6]	10.1093.jxb.ert463	1548	\N	\N	\N	\N	\N	\N	\N	\N
[6, 7]	GeneName	0.880581820950205	PhenoName	170	["The", "data", "thus", "suggest", "that", "the", "early", "flowering", "phenotype", "of", "_", "brm", "_", "mutants", "is", "unlikely", "caused", "by", "these", "flowering", "time", "genes", "."]	[11]	10.1371.journal.pgen.1004944	1647	\N	\N	\N	\N	\N	\N	\N	\N
[7]	GeneName	0.047609352958204225	PhenoName	94	["To", "understand", "the", "cellular", "basis", "of", "the", "curly", "leaf", "phenotypes", "in", "_", "abs5-1D", "_", "and", "_", "abs7-1D", "_", ",", "we", "measured", "the", "average", "number", "and", "length", "of", "abaxial", "and", "adaxial", "epidermal", "cells", "in", "wild", "type", "and", "mutants", "at", "the", "developmental", "stages", "when", "their", "curly", "leaf", "phenotypes", "were", "most", "obvious", "."]	[7, 8]	10.1371.journal.pone.0107637	1251	\N	\N	\N	\N	\N	\N	\N	\N
[1, 2, 3]	GeneName	0.4985722312165057	PhenoName	190	["The", "pale", "green", "leaves", "of", "_", "kat2", "kat5", "_", "plants", "were", "reminiscent", "of", "the", "reduced", "chlorophyll", "observed", "in", "the", "_", "pex5-10", "_", "mutant", "that", "lacks", "a", "full-length", "PEX5", "protein", "."]	[6]	10.1093.jxb.eru397	981	\N	\N	\N	\N	\N	\N	\N	\N
[4]	GeneName	0.26748364020576293	PhenoName	125	["To", "investigate", "whether", "the", "short", "root", "phenotype", "was", "due", "to", "salt", "sensitivity", "or", "to", "the", "osmotic", "shock", "caused", "by", "the", "high", "salt", "concentration", ",", "seedlings", "from", "the", "wild-type", ",", "_", "fut4", "_", ",", "_", "fut6", "_", "and", "_", "fut4/fut6", "_", "double", "mutant", "were", "grown", "on", "solid", "MS", "medium", "supplemented", "with", "mannitol", "."]	[34]	10.1371.journal.pone.0093291	853	\N	\N	\N	\N	\N	\N	\N	\N
[59]	GeneName	0.5000753115562213	PhenoName	112	["Due", "to", "the", "severity", "of", "the", "_", "atku80", "_", "and", "_", "atku80", "atrad21", ".1", "_", "mutant", "phenotypes", "it", "is", "not", "possible", "to", "determine", "if", "the", "DNA", "damage", "hypersensitivity", "phenotype", "observed", "in", "the", "_", "atku80", "atrad21", ".1", "_", "double", "mutant", "is", "identical", "to", "that", "of", "the", "_", "atku80", "_", ",", "or", "if", "it", "is", "cumulative", ",", "yet", "masked", "by", "the", "severity", "of", "the", "_", "atku80", "_", "phenotype", "."]	[33]	10.1186.s12870-014-0353-9	79	\N	\N	\N	\N	\N	\N	\N	\N
[22]	GeneName	0.7315196068800883	PhenoName	153	["In", "untreated", "WT", "and", "_", "wrky34", "_", "mutant", "plants", ",", "the", "levels", "of", "MIKC", "*", "transcripts", "showed", "no", "significant", "difference", "between", "the", "WT", "and", "_", "wrky34", "_", "mutants", "."]	[25]	10.1093.jxb.erq204	1408	\N	\N	\N	\N	\N	\N	\N	\N
[60]	GeneName	0.267294468683961	PhenoName	372	["There", "is", "genetic", "evidence", "that", "accumulation", "of", "starch", "degradation", "intermediates", ",", "such", "as", "disaccharides", ",", "causes", "severe", "cellular", "phenotypes", "such", "as", "chlorosis", "and", "chloroplast", "lysis", ",", "because", "mutations", "in", "_", "-", "amylase2", "_", "and", "_", "-", "amylase3", "_", ",", "which", "are", "strongly", "down-regulated", "in", "_", "hlq", "_", ",", "prevent", "the", "release", "of", "maltose", "from", "the", "starch", "granule", "and", "decrease", "the", "severe", "cellular", "chlorosis", "observed", "in", "the", "_", "maltose", "exporter1/dpe1", "_", "double", "mutant", "."]	[45]	10.1093.jxb.eru198_2	734	\N	\N	\N	\N	\N	\N	\N	\N
[19, 20]	GeneName	0.7306439226703035	PhenoName	432	["_", "amp1", "_", "-", "a", "mutant", "with", "high", "cytokinin", "levels", "and", "altered", "embryonic", "pattern", ",", "faster", "vegetative", "growth", ",", "constitutive", "photomorphogenesis", "and", "precocious", "flowering", "."]	[1]	10.1186.1471-2229-12-160	536	\N	\N	\N	\N	\N	\N	\N	\N
[22]	GeneName	0.7323120846236584	PhenoName	125	["We", "observed", "that", "all", "of", "the", "_", "ash2r-2hyp", "_", "and", "_", "-3", "hyp", "_", "mutants", "(", "T3", ")", "displayed", "leaf", "abnormalities", ":", "small", ",", "narrow", ",", "and", "sometimes", "curled", "leaf", "blades", "compared", "to", "wildtype", "Col", "(", ")", ",", "suggesting", "that", "_", "ASH2R", "_", "is", "required", "for", "proper", "leaf", "growth", "and", "development", "."]	[12]	10.1371.journal.pgen.1001330	829	\N	\N	\N	\N	\N	\N	\N	\N
[4]	GeneName	0.7315513067819299	PhenoName	122	["At", "6", "DAI", ",", "chlorosis", "and", "necrosis", "were", "observed", "in", "the", "_", "acbp1", "_", "mutant", ",", "but", "not", "in", "the", "wild", "type", "."]	[12]	10.1093.jxb.eru304	212	\N	\N	\N	\N	\N	\N	\N	\N
[22, 23]	GeneName	0.49845065664028326	PhenoName	254	["Unlike", "the", "_", "coi1", "_", "and", "_", "pft1", "_", "mutants", "which", "have", "impairments", "in", "growth", "or", "development", "(", "_", "coi1", "_", "is", "male", "sterile", "with", "insensitivity", "to", "MeJA", "inhibition", "of", "root", "growth", ",", "while", "_", "pft1", "_", "is", "delayed", "in", "flowering", "-LSB-", ",", "-RSB-", ")", ",", "_", "esr1-1", "_", "is", "indistinguishable", "from", "wild-type", "plants", "(", "Fig", "and", "."]	[35]	PONE-D-15-01912	69	\N	\N	\N	\N	\N	\N	\N	\N
[33, 34]	GeneName	0.9528081301059058	PhenoName	113	["However", ",", "the", "_", "apum23", "rev", "_", "double", "mutant", "had", "pin-shaped", "outgrowths", "in", "the", "centre", "of", "the", "rosette", "that", "arose", "after", "the", "emergence", "of", "several", "_", "apum23", "_", "-", "like", ",", "but", "more", "elongated", "leaves", "."]	[5]	10.1093.jxb.ert478	348	\N	\N	\N	\N	\N	\N	\N	\N
[9, 10, 11]	GeneName	0.7302378244675903	PhenoName	151	["Triple", "mutant", "_", "hua27", "hulk1", "hulk3", "_", "plants", "were", "reduced", "in", "size", "with", "small", "leaves", "and", "only", "a", "few", "branches", "(", "Figureb", ")", ";", "additionally", ",", "these", "plants", "were", "entirely", "sterile", "due", "to", "pollen", "inviability", "(", "green/blue", "coloration", "as", "observed", "with", "the", "Alexander", "stain", ",", "see", "Figuree", ")", ",", "and", "triple", "mutant", "plants", "had", "to", "be", "derived", "from", "heterozygotes", "at", "the", "_", "HUA2", "_", "locus", "(", "i.e.", "_", "hua27", "_", "/", "_", "+", "hulk1", "hulk3", "_", "plants", ")", "."]	[4]	10.1111.tpj.12629	238	\N	\N	\N	\N	\N	\N	\N	\N
[12]	GeneName	0.047621611248724494	PhenoName	3	["Both", "_", "abs5-1D", "_", "and", "_", "abs7-1D", "_", "display", "an", "intriguing", "upwardly", "curly", "leaf", "phenotype", "."]	[12, 13]	10.1371.journal.pone.0107637	1241	\N	\N	\N	\N	\N	\N	\N	\N
[7]	GeneName	0.26941903410574164	PhenoName	257	["Since", "_", "fax1", "_", "knockout", "plants", "are", "short", "of", "energy-rich", "lipids", ",", "they", "most", "likely", "turn", "down", "anabolic", "carbohydrate", "metabolism", "required", "for", "polysaccharide", "synthesis", ",", "resulting", "in", ",", "e.g.", ",", "reduced", "biomass", "and", "secondary", "cell", "walls", "."]	[2]	PBIOLOGY-D-14-01492	544	\N	\N	\N	\N	\N	\N	\N	\N
[18]	GeneName	0.2692366033452046	PhenoName	137	["In", "_", "fzl", "-", "_", "L_er", "_", "/", "_", "vad1", "_", "plants", ",", "the", "mutant", "phenotype", "was", "more", "severe", "than", "that", "in", "the", "two", "single", "mutants", ",", "the", "lesions", "appeared", "earlier", "and", "their", "propagation", "was", "more", "rapid", "(", ")", ",", "while", "the", "expression", "level", "of", "the", "defence-associated", "genes", "was", "similar", "in", "the", "two", "single", "and", "in", "the", "double", "mutant", "."]	[9]	10.1093.jxb.ert237	509	\N	\N	\N	\N	\N	\N	\N	\N
[19, 20, 21]	GeneName	0.7308103993732569	PhenoName	33	["In", "the", "present", "paper", "we", "have", "therefore", "examined", "the", "_", "ashh2", "_", "mutant", "phenotype", "with", "respect", "to", "causes", "of", "severely", "reduced", "fertility", ",", "which", "was", "already", "noted", "by", "."]	[10]	10.1371.journal.pone.0007817	19	\N	\N	\N	\N	\N	\N	\N	\N
[4]	GeneName	0.26857961182532547	PhenoName	103	["Lugol", "staining", "indicated", "that", "distal", "stem", "cells", "differentiate", "prematurely", "in", "_", "shr", "phb", "_", "roots", ",", "similar", "to", "that", "in", "_", "shr", "_", "roots", "visualized", "by", "the", "presence", "of", "starch", "granules", "that", "marks", "differentiated", "columella", "cells", "."]	[21]	PGENETICS-D-13-02998	562	\N	\N	\N	\N	\N	\N	\N	\N